user_id,created,planLevel,lastActive,companySize,country
5c3df1a0d5854974ea379b5e,2019-01-15 14:43:44,0,2019-03-04 16:31:52,,United States
5c3e29afe266c87dc3e14162,2019-01-15 18:42:56,0,2020-07-09 15:57:30,,United States
5c4794368b091565d315f886,2019-01-22 22:07:51,0,2019-12-06 16:54:06,,United States
5c488f5e94f2a315d7501ffe,2019-01-23 15:59:27,0,2019-01-23 16:16:56,,United States
5c5226edb9a5f919a01bb091,2019-01-30 22:36:29,0,2020-09-25 19:28:36,,United States
5c5314d8b9a5f919a01bee44,2019-01-31 15:31:37,0,2019-12-13 18:11:29,,United States
5c53229c60773b7c15c42000,2019-01-31 16:30:21,0,2019-03-18 14:24:28,,United States
5c573b750da9cb267cbaf91d,2019-02-03 19:05:26,0,2019-02-19 14:07:15,,United States
5c5df153296f393fb45bbb0d,2019-02-08 21:14:59,0,2019-10-15 20:44:39,,United States
5c6473d8f9fc0c4806b32c85,2019-02-13 19:45:28,0,2020-10-21 17:39:23,,Canada
5c6713edc5e3b933270d75d8,2019-02-15 19:33:01,0,2019-10-17 6:49:28,,United States
5c6c6a8bc790740d1facd244,2019-02-19 20:43:55,0,2020-09-22 14:34:07,,United States
5c6ee8e72f12f1514f325a7e,2019-02-21 18:07:36,0,2020-12-22 13:25:22,,United States
5c6f1a4a3820ec239dc2f6d2,2019-02-21 21:38:19,0,2021-04-05 12:59:16,,United States
5c77e8ad35d02a64e47973c1,2019-02-28 13:57:02,0,2019-04-13 8:35:35,,France
5c7818b1f01cd06f93f05920,2019-02-28 17:21:54,9,2021-09-27 15:31:14,10 - 49 employees,United States
5c787d70df03886f96b6344d,2019-03-01 0:31:44,0,2021-10-13 20:56:22,,United States
5c7d689586aa2c200a56f6e5,2019-03-04 18:04:05,0,2020-03-30 17:04:49,,United States
5ca6374f840868728a2e7c4f,2019-04-04 16:56:48,0,2020-02-25 14:55:47,,United States
5ca646f5840868728a2e9637,2019-04-04 18:03:33,0,2019-11-20 0:22:04,,United States
5ca9641a288a552580879ed5,2019-04-07 2:44:42,0,2020-08-09 12:07:28,,United States
5cbe020dc4f74a1687607055,2019-04-22 18:03:58,0,2021-03-30 17:23:54,,United States
5cbe1b7f6caeb91417a6ed09,2019-04-22 19:52:31,0,2019-04-22 20:34:17,,Kenya
5cc854d04c07c54754abceff,2019-04-30 13:59:45,0,2021-05-05 14:08:43,10 - 49 employees,
5ccaf2ad144c892d5d7c6f1d,2019-05-02 13:37:50,0,2019-06-06 13:37:25,,United States
5cdfb5dac0a6ea056ba8528e,2019-05-18 7:35:54,0,2019-05-19 15:24:59,,India
5ce2ba68c3b2756ba03a6c0a,2019-05-20 14:32:08,0,2019-05-20 14:46:34,,India
5ced481646ea1f5c72de4bf6,2019-05-28 14:39:19,0,2019-10-07 16:33:19,,Canada
5d02ca27f82afd47702d684b,2019-06-13 22:11:52,0,2020-10-08 15:01:49,,
5d13a5cd33ef9e249f55996a,2019-06-26 17:05:17,0,2019-07-22 18:33:41,,United States
5d1652279193297b8fe51a9e,2019-06-28 17:45:12,0,2020-04-06 14:50:32,,United States
5d1a0497ac1f562c6dc1593a,2019-07-01 13:03:19,0,2019-07-01 13:38:07,,India
5d1a729f89b19950c4d5ee9d,2019-07-01 20:52:47,0,2020-02-28 18:23:09,,
5d38b8a3ff639e1fce35e3ac,2019-07-24 19:59:31,0,2020-01-27 19:31:11,,United States
5d433e14466c9968f7e813bd,2019-08-01 19:31:33,0,2021-07-24 5:53:13,,United States
5d4afb92fa5c1f26f9205f9a,2019-08-07 16:25:54,0,2021-07-20 17:12:07,,United States
5d4ef5f7e84bc82bc144ed4c,2019-08-10 16:51:03,0,2019-10-07 19:39:12,,United States
5d52c50d8688c869c53cd7f3,2019-08-13 14:11:26,0,2020-02-14 15:24:40,,United States
5d70226246e70d1f72a3744f,2019-09-04 20:45:23,0,2021-06-15 2:20:57,,United States
5d7113d5c3cec45dc2e8a516,2019-09-05 13:55:34,1,2021-02-19 18:22:38,,United States
5d8689aa01688c0dc6472965,2019-09-21 20:35:55,0,2019-09-21 20:57:06,,United States
5d8a71c74c467a0ddeb65b49,2019-09-24 19:43:04,0,2020-05-05 15:03:28,,United States
5d97da560deda10ddda96637,2019-10-04 23:48:38,0,2019-10-05 0:16:54,,United States
5d9f4d3e5b44c00de5def97e,2019-10-10 15:24:46,0,2020-07-23 18:51:16,,United States
5da58460fb2cb60d9472ea06,2019-10-15 8:33:37,0,2019-10-15 10:28:57,,India
5da73ff9b976f374d6ce52c1,2019-10-16 16:06:17,0,2020-06-18 14:53:24,,United States
5db04433b0514f0dd8576d8c,2019-10-23 12:14:43,0,2019-11-08 11:01:16,,India
5de0f0f7494da30d9012b9cc,2019-11-29 10:20:39,0,2019-11-29 10:35:31,,India
5df8fa0b5479a90dd57e58a3,2019-12-17 15:53:47,0,2021-03-23 21:04:42,,Canada
5e1f4fd1d737dd0dd0354f96,2020-01-15 17:45:54,0,2020-02-13 17:55:53,,United States
5e2236d682b54a0dc7603507,2020-01-17 22:36:07,0,2020-08-31 13:41:56,,United States
5e3983c56ae7320db9ae57a0,2020-02-04 14:46:29,0,2020-06-01 20:09:58,,United States
5e39c32c9015b10ddcfdf23c,2020-02-04 19:17:00,0,2021-11-02 16:30:17,,United States
5e3ac8a5a7440b0e01af77c7,2020-02-05 13:52:37,0,2020-11-13 19:13:17,,United States
5e43051ebb01221211b51ba6,2020-02-11 19:48:46,1,2021-06-08 17:30:05,,United States
5e43f492791ce30debf6ee74,2020-02-12 12:50:26,0,2020-10-30 12:41:26,,Germany
5e45acf51f436b0de03679f3,2020-02-13 20:09:25,0,2021-10-08 1:00:14,,United States
5e4b295ca8c3440de9ee95d0,2020-02-18 0:01:32,0,2020-07-06 22:13:46,,United States
5e5221f5286ca80d9cc85922,2020-02-23 6:55:50,0,2020-02-23 7:59:58,,India
5e53fd3454bb7e7739afbfa8,2020-02-24 16:43:33,0,2021-05-14 10:25:26,,United Kingdom
5e55a6f9a24e710ddfb5b755,2020-02-25 23:00:10,0,2020-03-03 15:59:24,,United States
5e6b158690a42c0de428467e,2020-03-13 5:09:26,0,2020-03-17 11:01:42,,India
5e6f9dd6a097a90ddd63bd48,2020-03-16 15:40:06,0,2020-06-05 5:27:56,,United States
5e7badeaa9c0e70da29e1595,2020-03-25 19:15:55,9,2021-10-18 16:37:00,,United States
5e7e6033f963da0dc636d6f0,2020-03-27 20:21:08,9,2021-11-02 15:18:36,50 - 249 employees,
5e86088331abc90ddad589eb,2020-04-02 15:45:07,0,2021-02-24 16:31:44,,United States
5e87bbdf2b1f1c0db41cf68c,2020-04-03 22:42:39,0,2020-05-15 19:00:56,,United States
5e8b8d66d44c730dd93839aa,2020-04-06 20:13:27,0,2021-03-26 16:29:10,,Canada
5e8c9a7c4666f20dad63a815,2020-04-07 15:21:33,0,2020-06-26 15:11:22,,United States
5e8de523d4536d0da893017c,2020-04-08 14:52:19,0,2020-04-08 14:59:09,,India
5e9886de0b6f326d6490130b,2020-04-16 16:25:02,0,2020-04-16 16:55:10,,Pakistan
5e9dba58ecb3ba0dd051efb7,2020-04-20 15:06:01,0,2020-04-20 15:10:51,,United States
5e9e3de63c72f30de6c48088,2020-04-21 0:27:18,9,2021-10-25 3:29:24,,United States
5ea19a66edfbf30ddb8b55b6,2020-04-23 13:38:46,0,2021-07-31 15:50:11,,United States
5ea1aadcb458c00fa6f08ede,2020-04-23 14:49:00,0,2020-05-02 15:01:57,,United States
5ea22b2ba5183e0db84c3cbf,2020-04-23 23:56:27,0,2021-02-03 9:38:08,,United States
5ea2c45079fa8b0dea5587cd,2020-04-24 10:49:52,0,2021-02-23 16:51:12,,United Kingdom
5ea32351ecaebe0dcf053317,2020-04-24 17:35:14,0,2020-06-11 18:31:15,,United States
5ea61a71c7f3e50dbf0c8418,2020-04-26 23:34:09,0,2020-04-27 14:29:15,,United States
5eab1bced7c83d74f664c02e,2020-04-30 18:41:18,0,2021-07-14 10:39:01,,United States
5eb37800b8d2d80dc7a92c46,2020-05-07 2:52:49,0,2020-05-07 3:04:31,,United States
5eb562cd6758640d9f484ce9,2020-05-08 13:46:53,0,2020-07-01 17:11:53,,United States
5eb5aa86745ebd05138355a7,2020-05-08 18:52:55,0,2020-06-11 16:43:54,,United States
5eb5e0c8de373e0db8ddcd6d,2020-05-08 22:44:25,0,2021-07-01 18:05:45,,United States
5ebc09856b38be685aef216a,2020-05-13 14:51:49,0,2020-12-09 3:32:57,,United States
5ebdcd8f8a44930dd62197b9,2020-05-14 23:00:32,0,2020-06-01 14:35:13,,United States
5ebf5f5634cd0a0de29d782f,2020-05-16 3:34:47,0,2020-05-16 3:42:03,,
5ec29009c515360dab057261,2020-05-18 13:39:22,0,2021-07-01 14:13:30,,United States
5ec2c4b88c68070dde84e0f7,2020-05-18 17:24:09,0,2021-03-25 1:32:43,,Brazil
5ec2c98b3993030ddd5ad3d7,2020-05-18 17:44:44,0,2020-09-12 0:01:26,,United States
5ec67f3eb1d2220db3b79613,2020-05-21 13:16:47,0,2020-05-21 14:08:05,,United States
5ec7c61c965f420dcd51bc4e,2020-05-22 12:31:25,0,2021-02-20 11:24:27,,United States
5ecea7b9b7239767407bbe2b,2020-05-27 17:47:38,0,2020-06-15 12:04:37,,United States
5ecf18b290f9ed0dcbe4e0c3,2020-05-28 1:49:38,0,2020-05-28 2:38:48,,United States
5ed15fc3e6f1f00dc8a19abb,2020-05-29 19:17:24,0,2020-06-05 19:53:52,,United States
5ed299d5aaf7450dc74412b9,2020-05-30 17:37:26,0,2020-05-31 23:29:42,,United States
5ed4a98b8faa150dc79ffbde,2020-06-01 7:09:00,0,2020-06-02 7:31:00,,United States
5eda6559293b0a173345aa99,2020-06-05 15:31:38,0,2020-06-11 16:13:47,,United States
5ede4c8496c56a0dceceabc7,2020-06-08 14:34:44,0,2021-02-02 0:26:32,,United States
5ede8a63055d0075c811d37d,2020-06-08 18:58:44,0,2020-06-08 19:03:07,,United States
5edf0aca1e80790df4437081,2020-06-09 4:06:35,0,2020-06-09 4:10:53,,
5ee00302f1963418d3add756,2020-06-09 21:45:38,0,2021-11-04 0:24:52,,United States
5ee0060e8387316907f0c5c6,2020-06-09 21:58:38,0,2020-10-31 2:26:19,,United States
5ee02026a01db40dac3ec00f,2020-06-09 23:49:58,0,2020-09-24 23:21:49,,United States
5ee1a0dff005a00dd4e71bb4,2020-06-11 3:11:27,0,2020-06-12 19:08:54,,United States
5ee1c8b7805a9e0dd35daa38,2020-06-11 6:01:28,0,2021-09-24 14:41:19,,United States
5ee2497092ecdc0ded37782a,2020-06-11 15:10:41,0,2020-08-16 16:56:36,,United States
5ee78ec0a1b21a0dcb39924e,2020-06-15 15:07:45,0,2021-07-06 20:51:08,,United States
5ee8d66ca3b08d70f26738a2,2020-06-16 14:25:48,0,2020-07-27 21:58:28,,United States
5ee95ad77b24530dee7ddc60,2020-06-16 23:50:48,0,2020-08-17 16:46:39,,United States
5eeaf91ddcdd960de4bae721,2020-06-18 5:18:22,0,2020-08-09 15:25:58,,United States
5eeb50f782b8af0dc8c7261b,2020-06-18 11:33:12,0,2020-06-18 11:51:53,,United States
5eefd215b1e6730dea5b9d00,2020-06-21 21:33:09,0,2021-07-14 6:24:40,,United States
5ef326906580fa0dae49671b,2020-06-24 10:10:25,0,2020-11-15 4:02:55,,United States
5ef375a09ce95273fa646806,2020-06-24 15:47:45,0,2021-08-18 16:06:25,,United States
5ef53a9732addc0dcce5be08,2020-06-26 0:00:23,0,2020-06-26 0:05:24,,United States
5ef596c9155c6e0dd3aafb63,2020-06-26 6:33:46,0,2020-08-26 19:24:26,,United States
5efb7f52dc1fab678e8b8492,2020-06-30 18:07:14,0,2021-04-16 18:12:35,,United States
5efc134aa5bc8c0df3de76a1,2020-07-01 4:38:34,0,2021-04-26 16:05:11,,United States
5efcdfdb32c273693b337da3,2020-07-01 19:11:23,0,2020-09-24 18:23:57,,United States
5efd10a712ac70183d048b38,2020-07-01 22:39:36,0,2020-07-01 22:53:04,,United States
5efe7141a41c790de4de8b36,2020-07-02 23:44:01,0,2020-09-06 3:21:08,,United States
5f03b0f44b14f20db71b7761,2020-07-06 23:17:09,0,2020-08-13 5:38:51,,United States
5f04c248862df00ddf305229,2020-07-07 18:43:21,0,2020-07-07 18:50:18,,United States
5f08e8a78886140db7f84c41,2020-07-10 22:16:08,0,2021-02-24 16:28:48,,United States
5f0f54021d14e40dc2196108,2020-07-15 19:07:47,0,2021-09-07 13:56:29,,United States
5f0fa866058a330de7cb857b,2020-07-16 1:07:51,0,2021-07-28 8:50:37,50 - 249 employees,Australia
5f11f5cafe9f490db0a5aaa6,2020-07-17 19:02:34,0,2020-08-11 14:59:06,,United States
5f18d660f0b7d50de0bf40ed,2020-07-23 0:14:24,0,2021-10-14 20:12:58,,United States
5f1b8aba16f6af0de8a20c9a,2020-07-25 1:28:27,0,2021-02-06 14:55:09,,United States
5f1c525e8878826a63cf6206,2020-07-25 15:40:14,0,2020-07-25 16:06:05,,United States
5f1ce9fd3c1cd10de66eff19,2020-07-26 2:27:09,0,2020-08-03 19:58:06,,United States
5f1daa5a432cf50dc6adbc43,2020-07-26 16:07:55,0,2020-09-23 14:42:29,,United States
5f1f0b09ea6ac510cd358820,2020-07-27 17:12:42,0,2020-07-27 17:53:18,,United States
5f21acfa4815650df61e9610,2020-07-29 17:08:10,0,2020-08-24 21:59:37,,United States
5f225572f977780dce390026,2020-07-30 5:06:59,0,2020-09-02 1:30:15,,United States
5f248a040e4e3f0e000d9dac,2020-07-31 21:15:49,0,2020-08-27 12:59:38,,United States
5f25e38d7e8a2b0dfe538335,2020-08-01 21:50:06,0,2021-06-07 4:45:36,,United States
5f2865f05c7e490de265f552,2020-08-03 19:30:57,0,2020-08-22 6:29:39,,United States
5f29c7222a6b8f0dcf30ab33,2020-08-04 20:37:54,0,2020-11-03 2:46:32,,United States
5f2f68a1a17e490dddcdb969,2020-08-09 3:08:17,0,2020-09-17 21:56:19,,United States
5f30443e3da377120db636aa,2020-08-09 18:45:18,0,2021-02-19 22:15:35,,United States
5f314c1e4999f90dc7f6621a,2020-08-10 13:31:11,0,2021-10-05 14:04:43,,United States
5f32ffaa6b57ab0deba74faf,2020-08-11 20:29:31,0,2021-07-13 19:02:06,,United States
5f38a6561cb0560dcc6292a1,2020-08-16 3:21:58,0,2021-09-30 22:12:26,,United States
5f3ac14e5241b50df1a5795a,2020-08-17 17:41:34,0,2021-02-05 22:22:16,,United States
5f41a0fae61a0b0de60acab4,2020-08-22 22:49:31,0,2020-08-22 22:56:19,,United States
5f43fb099186b60df5adcc00,2020-08-24 17:38:17,0,2020-08-24 18:29:48,,United States
5f4558c2b3c0401887fb5dad,2020-08-25 18:30:26,0,2020-10-11 17:53:55,,
5f45774d821e0f188d80e0b9,2020-08-25 20:40:46,0,2020-09-30 20:57:43,,
5f45901f1bad9f0d9efe868d,2020-08-25 22:26:40,0,2020-09-15 21:06:26,,United States
5f4640a3ad283a0dc70385f0,2020-08-26 10:59:48,0,2020-08-26 11:17:17,,United States
5f468107b5241718fdab5232,2020-08-26 15:34:32,0,2020-08-31 21:28:43,,United States
5f469742582cf00dd52b6e06,2020-08-26 17:09:22,0,2020-08-27 15:10:28,,
5f488a327808bf0de896cd75,2020-08-28 4:38:11,0,2021-01-07 21:10:32,,United States
5f4b85453edab80d3b8f009c,2020-08-30 10:53:58,0,2020-08-30 11:10:50,,United States
5f4d33d22c9a590d7c84aab1,2020-08-31 17:30:59,0,2020-09-30 23:51:32,,
5f4e995de733170d6428dfb5,2020-09-01 18:56:29,9,2021-11-02 23:24:42,10 - 49 employees,United States
5f5177446b4b5e0d4f1890e9,2020-09-03 23:07:49,0,2021-02-23 19:11:22,,United States
5f5692666881dc0d56f8d904,2020-09-07 20:04:55,0,2021-01-08 16:41:08,10 - 49 employees,United States
5f57ce47ea061f0d79310d62,2020-09-08 18:32:39,0,2020-09-09 16:24:13,,
5f5bb1e4ee03f20dc9bf718a,2020-09-11 17:20:37,0,2020-09-14 18:30:55,,United States
5f628c52cc53a10d552b12ec,2020-09-16 22:06:10,0,2020-09-16 22:14:20,,
5f62ae74d19ee90d5b5af650,2020-09-17 0:31:48,0,2020-09-17 0:55:35,,
5f6826aefb4aa80d4a046abd,2020-09-21 4:06:07,0,2021-05-20 0:19:58,,Australia
5f68f069e2472f12323163b1,2020-09-21 18:26:50,0,2020-10-08 5:43:16,,United States
5f769d3c6082710d72b35b1b,2020-10-02 3:23:40,0,2021-06-21 1:07:26,,United States
5f7b171ceb408b0d344947e1,2020-10-05 12:52:45,0,2020-11-03 23:34:06,,United States
5f802a0beff65c0d5aced2a6,2020-10-09 9:14:51,0,2020-10-15 12:28:35,,Sweden
5f878dc5dd33f20d5b9580e5,2020-10-14 23:46:14,0,2021-09-10 2:48:04,less than 10 employees,United States
5f986c8cb0d2780d84128fda,2020-10-27 18:53:00,0,2021-10-27 17:44:50,10 - 49 employees,United States
5f99e1f280a7d20d6e320662,2020-10-28 21:26:11,0,2021-05-20 18:57:35,50 - 249 employees,United States
5fa2d8b216d4f70d6e2aee91,2020-11-04 16:37:07,0,2020-11-27 17:25:33,less than 10 employees,United States
5faa04fed1512f0d7b1cf2a9,2020-11-10 3:11:59,0,2020-11-10 15:39:02,10 - 49 employees,
5fac7d3e220e690d333e01ff,2020-11-12 0:09:34,0,2020-11-13 3:46:14,less than 10 employees,United States
5fb06ba0cad3240d4d66ac2f,2020-11-14 23:43:29,0,2020-12-24 14:06:32,less than 10 employees,United States
5fbbfb299b436a0d44063a34,2020-11-23 18:10:49,0,2020-11-23 18:24:52,less than 10 employees,United States
5fbd883ad686c474cf594408,2020-11-24 22:24:59,0,2020-12-17 15:29:32,10 - 49 employees,United States
5fcdecfe2c18b20d5856e877,2020-12-07 8:51:11,0,2020-12-07 9:00:15,less than 10 employees,United States
5fda1dc197b4d50d63ef85f0,2020-12-16 14:46:25,0,2020-12-16 15:57:23,less than 10 employees,United States
5fda7cb3d1b8600d626c25a5,2020-12-16 21:31:31,0,2021-09-16 16:03:34,less than 10 employees,United States
5fdbd2e17a93e80d7e4bf80a,2020-12-17 21:51:29,0,2021-06-16 19:49:55,10 - 49 employees,United States
5fdcf6e04707310d661467ec,2020-12-18 18:37:21,0,2021-06-04 17:42:12,50 - 249 employees,
5fea2d6d9657f90d541a9f1a,2020-12-28 19:09:34,0,2021-04-29 16:33:29,less than 10 employees,United States
5ff171382cd9670d5933c600,2021-01-03 7:24:40,0,2021-02-28 15:04:54,less than 10 employees,United States
5ff3f8dc4bdfad0d795ea686,2021-01-05 5:27:56,0,2021-07-06 16:09:01,less than 10 employees,United States
5fff22ea1b07010d3dccc17a,2021-01-13 16:42:19,0,2021-01-13 16:49:59,less than 10 employees,United States
5fff61ad90cf080d56963d1d,2021-01-13 21:10:05,0,2021-01-14 15:55:30,50 - 249 employees,United States
600b829a92e1950d35697cd6,2021-01-23 1:57:46,0,2021-03-25 16:50:59,50 - 249 employees,United States
601814d495b0b80d7f4aba2b,2021-02-01 14:48:53,0,2021-02-23 18:16:43,less than 10 employees,
601a16e103ddb10d30d79c39,2021-02-03 3:22:09,0,2021-08-02 21:08:35,less than 10 employees,United States
601a20f90fdbf80d38d33214,2021-02-03 4:05:14,0,2021-10-25 15:43:47,,United States
601be7b4054f910d63b7bade,2021-02-04 12:25:25,0,2021-05-08 18:23:43,less than 10 employees,United States
60216e166926b10d355205ae,2021-02-08 17:00:07,0,2021-02-08 18:19:54,less than 10 employees,United States
6023938a60aec50d67f309ff,2021-02-10 8:04:27,0,2021-02-10 8:34:19,less than 10 employees,United States
60363faf8cd4e60d664a86de,2021-02-24 11:59:43,0,2021-05-07 10:54:52,less than 10 employees,United States
603c9e595557ba0d6a819a8c,2021-03-01 7:57:13,3,2021-11-02 8:11:34,1000+ employees,South Africa
6046dc7e650f7b0d3fec8dca,2021-03-09 2:25:02,0,2021-03-09 3:19:20,less than 10 employees,United States
605921413a00c812231621ae,2021-03-22 22:59:13,3,2021-10-31 16:42:23,50 - 249 employees,United States
6060a6e016b5b80d6d4345d0,2021-03-28 15:55:12,3,2021-10-05 16:45:43,10 - 49 employees,United States
60760868d7921a0d6b8153a8,2021-04-13 21:08:56,9,2021-11-03 19:49:12,less than 10 employees,
60892143f553700d5ded8c14,2021-04-28 8:48:04,0,2021-07-01 21:01:51,less than 10 employees,United States
60897d99fa40140d62906a1c,2021-04-28 15:22:01,0,2021-09-30 17:11:36,less than 10 employees,United States
608e4c72bec1700d6b6c439e,2021-05-02 6:53:38,0,2021-05-02 16:04:39,less than 10 employees,United States
60909c71cb18220d4b7c13a7,2021-05-04 0:59:29,0,2021-10-04 22:31:15,less than 10 employees,United States
6092919d5ee3e90d76cb9eb7,2021-05-05 12:37:49,0,2021-05-24 7:36:58,10 - 49 employees,China
60931ccf0150016f398f0938,2021-05-05 22:31:44,9,2021-11-03 20:35:25,less than 10 employees,United States
609506efc13fbc0d712fbaf6,2021-05-07 9:22:56,0,2021-05-17 21:27:39,less than 10 employees,United Kingdom
6095a88e0c82900d7ffbd2c0,2021-05-07 20:52:30,0,2021-08-19 3:01:41,less than 10 employees,United States
6095dba7b8a0510d63296fd9,2021-05-08 0:30:31,0,2021-05-08 0:45:40,less than 10 employees,United States
60967fd3b79e7f0d63ccb311,2021-05-08 12:10:59,9,2021-09-22 2:51:19,less than 10 employees,United States
609adc2d500de70d4ddc5d4a,2021-05-11 19:34:06,0,2021-05-11 19:45:31,less than 10 employees,
60a417e35780600d6590ba00,2021-05-18 19:39:15,0,2021-06-08 6:18:21,less than 10 employees,United States
60a7bf23f78fb50d4e5e9c21,2021-05-21 14:09:40,0,2021-10-21 20:36:18,10 - 49 employees,
60aad253d6ea400d8cb2eafd,2021-05-23 22:08:20,3,2021-05-26 22:32:48,10 - 49 employees,United States
60b10f2544ab5f0d80fdcbe2,2021-05-28 15:41:25,1,2021-07-28 12:46:29,less than 10 employees,United States
60bfaf9d074fb50d59e60187,2021-06-08 17:57:50,0,2021-06-09 17:02:58,less than 10 employees,United States
60c2386258682e0d8afb3f5a,2021-06-10 16:05:54,0,2021-07-12 20:46:03,less than 10 employees,United States
60c32849f659ac0d4acda14a,2021-06-11 9:09:29,0,2021-08-01 14:06:08,less than 10 employees,United Kingdom
60c6252499d4920d7965744e,2021-06-13 15:32:52,3,2021-09-14 21:03:52,10 - 49 employees,United States
60c6930a45c0c80d3939d0c3,2021-06-13 23:21:47,0,2021-11-01 16:55:41,less than 10 employees,United States
60c80e784857720d47bba912,2021-06-15 2:20:41,0,2021-07-12 23:29:44,less than 10 employees,United States
60c8b88bd455450d6b3a83d5,2021-06-15 14:26:20,3,2021-09-11 16:10:43,less than 10 employees,
60d2e7eaa3a08b0d3c20736f,2021-06-23 7:51:06,0,2021-07-02 14:15:25,less than 10 employees,Nigeria
60d5e03e8e33a50d5b0a091a,2021-06-25 13:55:11,0,2021-07-19 20:00:45,less than 10 employees,United States
60de299baf6f4d16abe304c2,2021-07-01 20:46:19,3,2021-11-02 16:24:37,1000+ employees,United States
60e4673b5e3f8b6eee44c509,2021-07-06 14:22:51,2,2021-07-13 16:49:07,less than 10 employees,United States
60e65da474e7c00dd54d73e6,2021-07-08 2:06:28,0,2021-07-08 2:22:05,less than 10 employees,United States
60f73c0d69248c0d60fde6da,2021-07-20 21:11:41,3,2021-09-27 20:14:32,50 - 249 employees,United States
60f8ab91d844c90d6f1bb8f7,2021-07-21 23:19:45,0,2021-10-27 15:01:38,250 - 999 employees,United States
611202383b4a210d6dd8ed2e,2021-08-10 4:36:08,2,2021-11-03 4:37:16,less than 10 employees,United States
612147fce04f3e0d66d0ca42,2021-08-21 18:37:48,0,2021-09-21 16:05:39,less than 10 employees,United States
61269342b9e1180d61686d9a,2021-08-25 19:00:19,0,2021-08-25 19:38:01,10 - 49 employees,United States
613fcf8f20fea90d87c5eb07,2021-09-13 22:24:16,3,2021-11-04 17:14:05,10 - 49 employees,United States
6147441efbe5230d78c79a5b,2021-09-19 14:07:26,0,2021-11-02 14:20:31,less than 10 employees,United States
615659718288a20d4ce836e2,2021-10-01 0:42:25,0,2021-10-12 0:01:02,10 - 49 employees,United States
601b0c526f88d36c98c6dfd7,2021-02-03 20:49:23,0,2021-02-03 20:55:37,10 - 49 employees,United States
60e75090c474e30fb913dc51,2021-07-08 19:22:56,0,2021-07-08 19:23:06,,
5f04f81416c06e0dcb917317,2020-07-07 22:32:53,0,2021-07-02 1:24:49,,United States
61411e679ac1ae0d6c63620e,2021-09-14 22:12:55,0,2021-09-14 22:13:34,,
60503db38db5a70d548840f4,2021-03-16 5:10:12,0,2021-03-16 5:11:34,,United States
6113e42be9e3b30d6ade07a0,2021-08-11 14:52:27,0,2021-08-11 23:24:01,,United States
5e8c163976fdda0dc4e894a9,2020-04-07 5:57:13,0,2020-04-15 2:57:08,,United States
60762cc878280f0d31bba081,2021-04-13 23:44:08,0,2021-04-14 0:00:10,less than 10 employees,United States
60ad2c247bd9760d76a1161d,2021-05-25 16:56:04,0,2021-05-25 16:56:07,,
5c9cc52088c5231d3925c291,2019-03-28 12:59:12,0,2019-09-30 19:07:59,,Canada
5eb5d9da0af6e77e959cb8ff,2020-05-08 22:14:51,0,2020-05-08 22:22:11,,United States
600f13f34fbb3d0d62351ac1,2021-01-25 18:54:43,0,2021-02-01 18:39:25,10 - 49 employees,Canada
5f4bda762b5eff0d6818d3b9,2020-08-30 16:57:27,0,2020-08-30 16:58:41,,United States
60f6ab79bf275e0d953bc2bf,2021-07-20 10:54:50,0,2021-07-20 10:57:35,less than 10 employees,United Kingdom
5c537beed64b9e341c761d92,2019-01-31 22:51:26,0,2019-05-13 16:01:22,,United States
5fe7664a467d850d57eeb562,2020-12-26 16:35:23,0,2020-12-27 16:11:46,less than 10 employees,United States
5f8605213781cf0d6d95cb27,2020-10-13 19:50:58,0,2020-10-13 20:02:09,,United States
5e86827423b2b50dc7cdf474,2020-04-03 0:25:25,0,2020-04-03 0:29:06,,United States
60a28423a08e390d7c85302b,2021-05-17 14:56:35,0,2021-05-17 14:56:39,,
615291ef83ca2d0d6dda625d,2021-09-28 3:54:24,0,2021-09-28 3:59:16,less than 10 employees,United States
5db6cc8e51d0030dc2f33e9b,2019-10-28 11:10:06,0,2020-07-30 23:30:40,,United States
5e36e2d1f54f600deefc8a25,2020-02-02 14:55:13,0,2020-02-02 15:00:44,,United Kingdom
5f5914f7825bb40d6a99c8ff,2020-09-09 17:46:31,0,2020-09-09 17:47:00,,United States
609fcb6c1288210d7390e636,2021-05-15 13:23:56,0,2021-05-23 20:18:42,,
5f2f97b2c6ca0f0dcb12059a,2020-08-09 6:29:07,0,2020-08-16 12:08:50,,United States
60d37d3f96a7890d8e63d295,2021-06-23 18:28:15,0,2021-06-23 18:31:06,250 - 999 employees,United States
609c053b8af2276dc5fb078f,2021-05-12 16:41:32,0,2021-05-13 15:23:37,less than 10 employees,United States
5ef418248325bb0dbec732ea,2020-06-25 3:21:08,0,2021-03-11 21:40:51,,
5d5cf96256b6306108c1604d,2019-08-21 7:57:23,0,2019-08-21 7:58:08,,United States
5e9c8951587bb30e04350dc1,2020-04-19 17:24:34,0,2020-04-19 17:35:50,,United States
5c3425949d52e47f7dc8ec20,2019-01-08 4:22:45,0,2019-01-08 4:25:38,,Canada
60fe91baac52370d44dc304d,2021-07-26 10:43:07,0,2021-07-26 13:07:20,less than 10 employees,United States
60f59f60da3d1e0d61a203c4,2021-07-19 15:50:56,0,2021-07-19 15:57:39,10 - 49 employees,United States
6099a7541b73d30d3995a1c4,2021-05-10 21:36:21,0,2021-05-10 21:36:24,,
5f89e3696247f70d6a9aaec6,2020-10-16 18:16:09,0,2021-06-23 14:21:04,less than 10 employees,United States
5fc19e50a0b2d00d612b5192,2020-11-28 0:48:17,0,2020-11-28 0:51:20,10 - 49 employees,United States
60b431d093abfe0d6a978d78,2021-05-31 0:46:09,0,2021-10-01 2:08:58,less than 10 employees,United States
613435736581b30dc040c1af,2021-09-05 3:11:47,0,2021-09-05 3:35:00,less than 10 employees,United States
5eb31ff54afb680de03e364e,2020-05-06 20:37:09,0,2020-05-20 13:09:07,,Spain
5ebe23e8d9caa80ddc3b52cf,2020-05-15 5:08:57,0,2020-05-15 5:09:07,,
602013747ea6030d7b87da66,2021-02-07 16:21:09,0,2021-02-10 20:29:17,less than 10 employees,United States
6004406c52d8590d91a1f15c,2021-01-17 13:49:32,0,2021-01-28 18:08:36,less than 10 employees,
5f9931085dc1c30d5263f0a2,2020-10-28 8:51:21,0,2020-11-22 22:16:33,less than 10 employees,United States
5f9b70a8b3eb640d7375e325,2020-10-30 1:47:21,0,2020-10-30 1:48:34,,United States
604d2fe9142cac0d41206d84,2021-03-13 21:34:34,0,2021-07-18 23:16:33,less than 10 employees,United States
5f7d56b1053e8a0d82d69251,2020-10-07 5:48:34,0,2020-10-07 5:51:17,,United States
5fc521e91ecfe40d628e5ae7,2020-11-30 16:46:33,0,2020-11-30 16:49:02,less than 10 employees,United States
60e1f808ee16080d6b2b2890,2021-07-04 18:03:52,0,2021-07-04 19:04:08,less than 10 employees,United States
5f70031fcd99b90d57b5d12e,2020-09-27 3:12:31,0,2020-09-27 3:13:20,,United States
5eaafbbcd145ee7e7d3d620c,2020-04-30 16:24:28,0,2020-06-05 6:19:19,,United States
617040965381b40d96996867,2021-10-20 16:15:18,0,2021-11-04 12:50:18,10 - 49 employees,United States
5fd77f47d95eb50d541b98f5,2020-12-14 15:05:43,0,2020-12-15 4:32:53,less than 10 employees,United States
60ee68add9821d0d7d36ae9b,2021-07-14 4:31:42,0,2021-07-14 4:45:27,less than 10 employees,United States
616af557871a650d9149b58e,2021-10-16 15:52:56,0,2021-10-29 13:51:58,less than 10 employees,United States
616f04dffd27900d8a1c0c7c,2021-10-19 17:48:16,0,2021-10-19 17:48:22,,
5ef62daf5ff1190dd60515cf,2020-06-26 17:17:35,0,2020-09-05 4:19:26,,United States
5d51af6149cbad23136c8532,2019-08-12 18:26:42,0,2019-08-12 19:18:37,,Rwanda
607205714a83f80d355a6281,2021-04-10 20:07:14,0,2021-04-10 20:12:00,less than 10 employees,
60a7ac24549a340d7cd68d6f,2021-05-21 12:48:36,0,2021-05-21 12:58:35,10 - 49 employees,United States
5f30720a4a81c00dc411d99f,2020-08-09 22:00:42,0,2020-08-09 22:03:30,,United States
5f2dbd6597f4250dc342b924,2020-08-07 20:45:26,0,2020-08-07 20:46:00,,United States
5d431c30fce15a68ba59aa75,2019-08-01 17:06:57,0,2020-01-09 17:15:15,,United States
61453d0ab24c360d5fb48c93,2021-09-18 1:12:43,0,2021-09-18 1:36:42,10 - 49 employees,United States
602fe79b2a94420d5aa14fb6,2021-02-19 16:30:20,0,2021-04-02 15:43:28,,
5e232c1746c4280da633e215,2020-01-18 16:02:31,0,2020-01-18 16:10:30,,India
60b3d4ebd7709b0d2df98a74,2021-05-30 18:09:47,0,2021-05-30 18:12:32,less than 10 employees,United States
5f25106a5431910e048b6efa,2020-08-01 6:49:14,0,2020-08-01 7:19:47,,United States
6090b0a3cb18220d4b7c19e2,2021-05-04 2:25:40,0,2021-05-04 2:37:18,10 - 49 employees,United States
5c98ffa5bb12907c105d96a1,2019-03-25 16:19:49,0,2019-08-14 10:28:15,,United States
610539aa15018a0d9ad3ed3f,2021-07-31 11:53:14,0,2021-08-02 4:03:08,,
5d01382c6b5d1f085e5ed74e,2019-06-12 17:36:45,0,2019-06-12 17:36:54,,India
5fa50f3dffbbc60d737ef900,2020-11-06 8:54:21,0,2020-11-06 8:57:21,less than 10 employees,United States
5c64601d737ce94211f311fd,2019-02-13 18:21:18,0,2019-02-13 18:23:06,,United States
5ff856c0f0446d0d5c025a5f,2021-01-08 12:57:36,0,2021-01-08 12:58:46,less than 10 employees,United States
5e16b3cf51a9510dc588af3b,2020-01-09 5:02:08,0,2020-01-09 12:53:34,,United States
600756108077bc0d6591b70e,2021-01-19 21:58:40,0,2021-01-19 22:02:45,less than 10 employees,United States
60071d0824cc0f0d5fb7ad7a,2021-01-19 17:55:21,0,2021-01-19 17:59:07,1000+ employees,United States
608705132599c50d4c9e8627,2021-04-26 18:23:15,0,2021-04-29 17:24:20,less than 10 employees,
6095542e014fb40d85b80238,2021-05-07 14:52:30,0,2021-05-07 14:55:06,less than 10 employees,United States
5f37d8ee8bac010df3562b5c,2020-08-15 12:45:35,0,2020-08-16 21:37:41,,United States
6033e086a9c0960d52d96633,2021-02-22 16:49:10,0,2021-02-23 5:05:37,less than 10 employees,
5eaeeda76d87d80dc49670a4,2020-05-03 16:13:28,0,2020-05-04 13:19:04,,India
6109948ee2e22e0d666b5aa9,2021-08-03 19:10:06,0,2021-08-03 19:11:19,,United States
6090123984032f0d68a20e70,2021-05-03 15:09:46,0,2021-05-03 15:12:26,10 - 49 employees,United States
6166515cfbabf70d6c5f1706,2021-10-13 3:24:13,0,2021-10-13 3:25:23,,United States
5fed27bf584b880d45837878,2020-12-31 1:22:07,0,2021-05-06 10:47:02,less than 10 employees,United States
61607a8e97004a66f215c709,2021-10-08 17:06:23,0,2021-10-08 17:08:21,,
5ee03c3f711ee20dd53fa641,2020-06-10 1:49:51,0,2020-10-26 12:30:24,,United States
6069464e84e7a90d78f1d057,2021-04-04 4:53:35,0,2021-04-04 5:16:46,less than 10 employees,United States
60b2f4536852840d5d6902e9,2021-05-30 2:11:32,0,2021-05-30 2:15:24,less than 10 employees,United States
60255382d80e490d46d09b88,2021-02-11 15:55:47,0,2021-10-11 23:27:47,less than 10 employees,United States
5ec16b5942d2280dcc07c412,2020-05-17 16:50:34,0,2020-05-17 17:18:32,,Morocco
60ac297782bf640d44774253,2021-05-24 22:32:24,0,2021-06-08 1:30:05,less than 10 employees,United States
604051cb6e87250d720b1f42,2021-03-04 3:19:39,0,2021-03-04 3:20:41,,United States
5fa31fcbb7b8470d83168bd5,2020-11-04 21:40:28,0,2020-11-04 22:39:28,,United States
5fefd5ba5b642b0d52451a8c,2021-01-02 2:08:59,0,2021-01-02 2:11:25,less than 10 employees,United States
6033eb8b01c17c0d751b8c28,2021-02-22 17:36:12,0,2021-02-22 17:42:29,10 - 49 employees,United States
6108927cdbbe7c0d7444025e,2021-08-03 0:49:00,0,2021-08-03 0:50:48,,Indonesia
5ed1b83bf2a1930dd3e30f0f,2020-05-30 1:34:51,0,2020-05-30 1:37:49,,United States
5fa306a99ca1600f5a13454f,2020-11-04 19:53:14,0,2020-11-04 19:56:19,50 - 249 employees,United States
5ee38878a3477d0df56effef,2020-06-12 13:51:53,0,2020-06-12 13:55:30,,
60bcf85f738b270d66de1c5c,2021-06-06 16:31:28,0,2021-06-06 16:34:37,less than 10 employees,United Kingdom
6020236e07a9ac0d401990f6,2021-02-07 17:29:19,0,2021-02-07 17:37:51,less than 10 employees,United States
5eefdc02a186e10deba15231,2020-06-21 22:15:30,0,2020-12-17 19:21:12,,United States
601587d08378ac0d6acf7402,2021-01-30 16:22:41,0,2021-02-03 8:10:53,10 - 49 employees,Spain
5f7ba7056a0b1e0d820d4e37,2020-10-05 23:06:46,0,2020-10-05 23:18:38,,United States
5ec822502b9ecb0da375c397,2020-05-22 19:04:49,0,2020-11-05 0:26:20,,United States
5c994eb10f6f80105d64b604,2019-03-25 21:57:06,0,2019-03-25 21:57:30,,United States
5ef75e9ac8a3460dea8b0272,2020-06-27 14:58:34,0,2021-02-25 6:24:48,,United States
5eace5e19b24270df11335a0,2020-05-02 3:15:46,0,2020-05-07 18:48:42,,United States
60811587764be10d4e106dce,2021-04-22 6:19:51,0,2021-04-22 18:58:29,less than 10 employees,Finland
611b08ff2df0580d8f87658d,2021-08-17 0:55:28,0,2021-08-17 1:00:50,less than 10 employees,United States
5ff7bec8d661ba0d61aa939a,2021-01-08 2:09:12,0,2021-07-16 21:27:27,50 - 249 employees,United States
5f531367aa88740d5326d6f2,2020-09-05 4:26:16,0,2020-09-05 4:33:37,,
60e6e7894798dc0d645801ba,2021-07-08 11:54:49,0,2021-07-08 12:33:14,less than 10 employees,United States
5ecdd7e2df60b80dd977ae06,2020-05-27 3:00:51,0,2020-05-27 3:02:35,,United States
5ea0b2ab0f89b61644d60300,2020-04-22 21:10:04,0,2020-04-22 21:11:54,,
608db38817dd210d874fa716,2021-05-01 20:01:12,0,2021-05-01 20:01:52,,United States
5e8c07ec701a690df2c93e22,2020-04-07 4:56:12,0,2020-08-06 15:10:19,,United States
5f2d7803d727b80dd1fad4b5,2020-08-07 15:49:23,0,2020-08-07 16:03:25,,United States
5f5fb0d68ae56678680ba3bd,2020-09-14 18:05:11,0,2020-09-14 18:09:12,,United States
5ec1d709b94cce0df3d581b0,2020-05-18 0:30:02,0,2020-05-29 2:23:48,,United States
5ff7685c878e070d5b504c98,2021-01-07 20:00:28,0,2021-01-07 20:50:53,50 - 249 employees,United States
60b4c1fd3d3c2d0d5fcf3b13,2021-05-31 11:01:18,0,,,
5f2e479533b98d0dd5e5b7bd,2020-08-08 6:35:01,0,2020-08-08 6:35:29,,United States
61645034f676930d9766d0d4,2021-10-11 14:54:44,0,2021-10-11 14:57:41,less than 10 employees,United States
5f7f4865d5f27f0d64397380,2020-10-08 17:12:05,0,2021-10-06 17:54:53,,Canada
6063757ffa83790d39f22ca9,2021-03-30 19:01:19,0,2021-09-30 0:30:50,10 - 49 employees,United States
5fe34329f9f06c0d5f98e4a7,2020-12-23 13:16:25,0,2021-03-07 23:40:22,,United States
6102bb93274a460d786d37b9,2021-07-29 14:30:44,0,2021-07-29 14:42:06,less than 10 employees,United States
609d1e8fd2d5ea0d447d509c,2021-05-13 12:41:52,0,2021-09-25 9:20:16,less than 10 employees,United States
5efbde8de692d00dd20d16d6,2020-07-01 0:53:34,0,2020-07-01 1:07:47,,United States
5fda410e82cfa70d5c3a7a36,2020-12-16 17:17:03,0,2020-12-16 17:21:35,less than 10 employees,United States
5f0f076339b2aa0daeca978c,2020-07-15 13:40:51,0,2020-07-17 14:55:40,,United States
5e55fb966f0bfd0dc51c7f25,2020-02-26 5:01:10,0,2020-02-26 5:08:40,,India
60618016f9cd920d39a9007a,2021-03-29 7:21:59,0,2021-04-30 20:24:47,less than 10 employees,United States
608e2d4691f9190d539fa48a,2021-05-02 4:40:39,0,2021-05-02 5:15:01,less than 10 employees,United States
5fd81b239fd7ab0d74c30627,2020-12-15 2:10:43,0,2020-12-15 2:14:54,less than 10 employees,United States
60e129f78a36fb0d6787a701,2021-07-04 3:24:40,0,2021-07-04 3:45:08,less than 10 employees,United States
609c61b749a4750d422fef56,2021-05-12 23:16:07,0,2021-05-28 15:45:03,,
605b90939085b20d70a85392,2021-03-24 19:18:44,0,2021-03-24 19:33:27,10 - 49 employees,United States
6069d3f97706930d670268da,2021-04-04 14:58:02,0,2021-05-01 3:16:55,less than 10 employees,United States
5ffbae8000cda30d5da389cf,2021-01-11 1:48:49,0,2021-01-11 1:58:54,less than 10 employees,United States
601ed50291af7c0d59000cc1,2021-02-06 17:42:27,0,2021-02-06 17:43:24,,United States
5ecd90bdab492d0dc6eddfdc,2020-05-26 21:57:18,0,2020-11-04 19:15:37,,United States
5ff109adcd5be30d551a7929,2021-01-03 0:02:53,0,2021-02-26 19:22:30,less than 10 employees,United States
5fd0cebb9d7c970d5f5ba889,2020-12-09 13:18:52,0,2021-05-12 18:38:58,less than 10 employees,United States
5f9874cadbd3c10d733f5818,2020-10-27 19:28:11,0,2020-10-27 19:31:34,less than 10 employees,United States
5f189605f0b7d50de0bf1997,2020-07-22 19:39:50,0,2021-01-23 1:55:47,,United States
60be82739ff04f0d3d0544bd,2021-06-07 20:32:52,0,2021-06-07 20:35:11,less than 10 employees,United States
5ed6e70bb38dd20de950d0c3,2020-06-02 23:55:56,0,2020-06-02 23:56:17,,United States
5fae72b48257b50d65cf42d3,2020-11-13 11:49:09,0,2020-11-13 11:58:07,less than 10 employees,United States
5ef8989392f0a10ddca4bb17,2020-06-28 13:18:12,0,2020-06-28 13:18:41,,United Kingdom
5ff9cfdbe21c380d2f92fafd,2021-01-09 15:46:35,0,2021-04-06 17:27:11,less than 10 employees,United States
5efc87982fa7980dea28a15b,2020-07-01 12:54:49,0,2020-07-01 13:59:01,,
609365e0ec3a460d6d3787d4,2021-05-06 3:43:28,0,2021-05-06 3:44:03,,
5f488b567440200db6240476,2020-08-28 4:43:03,0,2020-09-03 18:19:01,,
5ea9e1adbe96b60dc79f2e1a,2020-04-29 20:21:02,0,2020-08-28 19:00:10,,United States
5f2df0058af3aa0ddfc0cc9a,2020-08-08 0:21:26,0,2020-08-08 0:21:30,,United States
5d9f4e08c523fe0de7cf1fc4,2019-10-10 15:28:09,0,2019-10-10 15:29:08,,United States
5f08150f52d5f40dd2db4384,2020-07-10 7:13:19,0,2020-07-10 7:13:40,,United States
5c48b54f53bfd315d53d1c13,2019-01-23 18:41:19,0,2019-04-12 0:39:47,,United States
5e842fc20d65480de430f812,2020-04-01 6:08:03,0,2020-04-01 6:38:54,,United Arab Emirates
60491da25deaf90d2e4d92ab,2021-03-10 19:27:31,0,2021-03-10 19:27:34,,
6143f92fa99f510d9157f38d,2021-09-17 2:10:55,0,2021-09-17 2:16:21,,United States
5fbbf22af331840d589a8961,2020-11-23 17:32:26,0,2020-11-23 17:40:47,less than 10 employees,United States
5cf70684df1e7d015f978d78,2019-06-05 0:02:12,0,2019-06-13 19:38:53,,United States
609c28f0d92dad0d7fd46982,2021-05-12 19:13:52,0,2021-05-12 19:17:03,less than 10 employees,United States
60a7a556ee8fdd0d6467bb02,2021-05-21 12:19:35,0,2021-09-15 3:02:47,less than 10 employees,United States
5ed96c316b56f50fff267f58,2020-06-04 21:48:34,0,2020-06-04 21:50:20,,United States
60b33573d588660d63645651,2021-05-30 6:49:23,0,2021-11-03 4:54:39,less than 10 employees,United States
5e7d88640f218d0ddd390f9f,2020-03-27 5:00:21,0,2020-03-27 5:08:21,,United States
5fea31bf9fe2020d5e087432,2020-12-28 19:27:59,0,2021-03-24 21:51:25,10 - 49 employees,United States
609af2ebbd98d67358ca39af,2021-05-11 21:11:07,0,2021-05-11 21:13:50,less than 10 employees,United States
6072f57c3e570c0d7211c4db,2021-04-11 13:11:25,0,2021-04-11 13:12:54,less than 10 employees,United Kingdom
5e9f647094ba577b132e4dcb,2020-04-21 21:24:01,0,2020-04-21 21:24:10,,United States
5ed73722e6ce5a0de9047a67,2020-06-03 5:37:38,0,2020-06-03 5:38:18,,United States
600603dc3bf8090d769f94c5,2021-01-18 21:55:40,0,2021-01-21 23:22:18,50 - 249 employees,United States
5f065369bbaa030daeb0e6b1,2020-07-08 23:14:50,0,2020-07-08 23:23:39,,
5dbed321a002ef0da64533f5,2019-11-03 13:16:17,0,2019-11-03 13:16:57,,China
5f4c21838e74360d4f4c3d50,2020-08-30 22:00:35,0,2020-08-30 22:02:01,,United States
5e3064743855420dba57f83f,2020-01-28 16:42:28,0,2020-01-28 16:44:49,,United States
60ae690d569ddc1347a14562,2021-05-26 15:28:13,0,2021-05-26 15:29:09,,
5fed183aa9bc840d5033fc1e,2020-12-31 0:15:54,0,2021-01-23 11:56:07,less than 10 employees,United States
5f091387210c320dcb8c92d5,2020-07-11 1:19:04,0,2020-11-28 11:03:46,,United States
60e89474a8d77a0da633516e,2021-07-09 18:24:52,0,2021-07-09 23:14:11,less than 10 employees,United States
60a5bea59d922c0d5dcb4351,2021-05-20 1:43:01,0,2021-05-20 1:43:29,,United States
5cb796b9107e997e8b70b33b,2019-04-17 21:12:25,0,2019-04-17 21:16:56,,United States
60010013de65870d46dd4328,2021-01-15 2:38:12,0,2021-01-15 2:40:24,,
5ef192e04d63090de475e7c3,2020-06-23 5:28:00,0,2020-06-23 16:15:12,,United States
5c36bcff1df41b55bdde4023,2019-01-10 3:33:20,0,2019-01-10 6:41:13,,United States
5e8472a40c01a30dc00fc1cb,2020-04-01 10:53:24,0,2020-04-11 1:41:23,,South Africa
5f8738afd9cff00d60976ebd,2020-10-14 17:43:11,0,2021-02-10 13:07:10,10 - 49 employees,
60b11bb536253d0d80583819,2021-05-28 16:35:01,0,2021-06-03 18:31:18,10 - 49 employees,United States
5e0f70d6c464440dd7510e68,2020-01-03 16:50:31,0,2020-01-03 19:13:18,,United States
5f4d2e75acde970d501f1cf8,2020-08-31 17:08:05,0,2020-08-31 17:26:42,,United Kingdom
604e381c1882140d7e06852a,2021-03-14 16:21:48,0,2021-03-14 16:22:25,,
5e9313249dba320def38ca32,2020-04-12 13:09:56,0,2020-05-02 15:49:17,,
5cce9ca999960c582cc9baf6,2019-05-05 8:19:54,0,2019-06-17 1:22:19,,Japan
5cc0e560a24a2106dbb3ab87,2019-04-24 22:38:25,0,2019-04-30 20:06:54,,Canada
5cffd828aa92394605219278,2019-06-11 16:34:49,0,2019-07-12 3:34:43,,United States
5eb39a5527cc680de8fbee51,2020-05-07 5:19:17,0,2020-05-26 13:44:27,,United States
60f0a50339798c0d805b690b,2021-07-15 21:13:40,0,2021-07-15 21:13:46,,
5f3c200dbfd91e0dd6c2d3b8,2020-08-18 18:38:05,0,2021-10-05 15:17:49,,United States
5fb32d5fa829fd0d7a4d85cb,2020-11-17 1:54:39,0,2020-11-17 1:54:42,,
5f4a3e964c574d0d4e73590c,2020-08-29 11:40:07,0,2020-08-29 11:43:52,,United States
6123d5c529a66a0d48ca6225,2021-08-23 17:07:17,0,2021-08-23 17:09:38,,United States
5fe4e99913918e0d746d3d6d,2020-12-24 19:18:49,0,2020-12-24 19:20:03,10 - 49 employees,United States
616a2d8673be850d7980e201,2021-10-16 1:40:22,0,2021-10-16 3:00:45,less than 10 employees,United States
5f206f229c9baa0dd361a183,2020-07-28 18:32:03,0,2020-08-21 21:20:26,,
5f90c72306fc0a0d4b37aae1,2020-10-21 23:41:23,0,2020-10-22 22:30:11,less than 10 employees,United States
60d8af31dd4a880d6af2e650,2021-06-27 17:02:41,0,2021-09-05 20:49:40,10 - 49 employees,United States
613b33f2d3ec230d616e3db5,2021-09-10 10:31:14,0,2021-09-10 10:35:08,less than 10 employees,
60da2bbac3b7660d9c666188,2021-06-28 20:06:19,0,2021-10-13 17:07:21,10 - 49 employees,United States
609487de5333ec0d79c69a86,2021-05-07 0:20:47,0,2021-05-07 0:24:40,less than 10 employees,United States
5fb2fc1f6cbec20d4f7b4ac7,2020-11-16 22:24:31,0,2020-11-16 22:31:34,,United States
5eb4208f91e34a0dc49295ef,2020-05-07 14:52:00,0,2020-07-26 22:30:52,,United States
5f2324d43c169e0deef01722,2020-07-30 19:51:49,0,2021-04-13 22:27:20,,United States
606450d7fefcfa0d63b38f89,2021-03-31 10:37:12,0,2021-04-12 16:34:29,50 - 249 employees,Spain
5faa05e13114c00d7a84c5be,2020-11-10 3:15:46,0,2021-03-24 14:21:34,less than 10 employees,United States
5f8b2e052ec91d0d501ebdd3,2020-10-17 17:46:46,1,2021-07-13 15:55:43,less than 10 employees,United States
608f403ecae7120d73108b6c,2021-05-03 0:13:51,0,2021-07-30 15:58:29,less than 10 employees,United States
5eef7a17a7bbf10de5b1d429,2020-06-21 15:17:44,0,2020-08-02 20:58:10,,
5eb220dc0a8cc20dc911f655,2020-05-06 2:28:44,0,2020-05-06 2:29:04,,United States
60080126e9944a0d3ee4adad,2021-01-20 10:08:39,0,2021-01-20 10:10:08,,United States
5e670f4140d5760df41820eb,2020-03-10 3:53:38,0,2020-03-10 4:00:34,,United States
5f32e10eab214c0dd9f78da3,2020-08-11 18:18:55,0,2020-08-11 18:25:57,,United States
60b05b31c628880d8557e3ff,2021-05-28 2:53:38,0,2021-05-28 3:04:06,less than 10 employees,United States
60404f071e0f200d6e600d83,2021-03-04 3:07:51,0,2021-05-09 2:22:20,,United States
5ef4abe596f6410dfd214645,2020-06-25 13:51:33,0,2020-06-25 13:51:36,,
5e963c7c4c5ebd0da5b67e6b,2020-04-14 22:43:09,0,2020-04-14 22:43:12,,United States
5fb0047e048cf80d546888e4,2020-11-14 16:23:26,0,2020-11-14 16:30:44,less than 10 employees,United States
60c2db4aca92500d6eaeba44,2021-06-11 3:40:58,0,2021-06-11 3:44:36,10 - 49 employees,United States
6124d602f408cd0d660d8b40,2021-08-24 11:20:35,0,2021-08-24 11:35:12,less than 10 employees,United States
5fe16843a6f9f10d511d08e3,2020-12-22 3:30:12,0,2021-02-11 16:07:31,10 - 49 employees,United States
612e7ec4462b710d422fcd77,2021-08-31 19:11:01,0,2021-08-31 19:12:57,,
5f3d373b377f950f488d39ce,2020-08-19 14:29:15,0,2020-11-18 15:28:34,,United States
5f077d6be279bf7e160c5bc2,2020-07-09 20:26:20,0,2020-07-09 20:29:43,,United States
60dbefe4462c630d97eae842,2021-06-30 4:15:32,0,2021-06-30 4:40:16,less than 10 employees,United States
60c17cadedb3000d74c5f1e4,2021-06-10 2:45:02,0,2021-11-04 0:54:09,less than 10 employees,United States
5d0331790cdf9b52c4633666,2019-06-14 5:32:41,0,2019-06-14 5:33:48,,United States
5f0a69b83338020e1582ca9d,2020-07-12 1:39:05,0,2020-07-12 3:05:43,,United States
5f668df78de0620d4c683be6,2020-09-19 23:02:16,0,2020-09-19 23:04:53,,United States
5d3f09080222283a75161768,2019-07-29 14:56:08,0,2019-07-29 15:10:08,,Brazil
6013f5cbebcc410d6934ae44,2021-01-29 11:47:23,0,2021-01-29 11:50:01,10 - 49 employees,United States
60b6b715e1e01f0d56645261,2021-06-01 22:39:18,0,2021-06-23 11:54:28,less than 10 employees,United States
5fe8f81d6a43560d56c98437,2020-12-27 21:09:50,0,2020-12-28 2:54:39,less than 10 employees,United States
5d2392e9597ed505e7309b41,2019-07-08 19:00:57,0,2019-07-08 19:01:48,,United States
5c74cbf47b32417fd76767c9,2019-02-26 5:17:41,0,2019-02-26 5:25:10,,United States
5fe0ba73fca4ef0d7dc06ec5,2020-12-21 15:08:36,0,2020-12-21 15:09:07,,United States
60236cf6ee203e0d5c4a2e04,2021-02-10 5:19:50,0,2021-02-10 5:20:13,,
612525ba24382a0d70b6a007,2021-08-24 17:00:43,0,2021-08-26 13:32:33,less than 10 employees,United States
5fd65cac63d23c0d60565ecf,2020-12-13 18:25:49,0,2020-12-14 0:29:49,10 - 49 employees,United States
60761395dd16c50d341900c0,2021-04-13 21:56:37,0,2021-04-26 16:44:41,less than 10 employees,United States
6027d647db31060d7620a8f5,2021-02-13 13:38:15,0,2021-02-13 13:38:56,,
6091915803eba70d6b3e8f73,2021-05-04 18:24:25,0,2021-05-04 18:27:27,less than 10 employees,United States
60ed262e44b9ae0d722d42c2,2021-07-13 5:35:42,0,2021-07-13 5:35:48,,
606a36f2850f8f0d7eb849fd,2021-04-04 22:00:19,0,2021-04-04 22:03:55,,United States
6102904879d6880d6be95fff,2021-07-29 11:26:01,0,2021-07-29 13:10:01,less than 10 employees,United Kingdom
5e6a98e4c89db20df2ac126f,2020-03-12 20:17:40,0,2020-08-29 18:59:34,,United States
5cf1a97d0e7bf70fe94837bb,2019-05-31 22:23:58,0,2019-05-31 22:28:55,,United States
60236eb17aa8220d5bcb6115,2021-02-10 5:27:13,0,2021-07-09 21:07:34,less than 10 employees,United States
609c36fd78c2d40d84393280,2021-05-12 20:13:49,0,2021-05-12 20:16:30,10 - 49 employees,United States
60a7d385fb30140d61067337,2021-05-21 15:36:38,0,2021-05-21 15:47:28,less than 10 employees,United States
5c9364ae9fb6794024e8dbb9,2019-03-21 10:17:18,0,2019-08-24 1:35:39,,Hong Kong
5ec8070008096e0dbf55d751,2020-05-22 17:08:17,0,2020-05-22 17:18:12,,United States
5d6270c166d4760e02b962c3,2019-08-25 11:28:02,0,2019-08-25 11:29:30,,Netherlands
610358fffd18c20d7603cf99,2021-07-30 1:42:23,0,2021-07-30 1:58:39,less than 10 employees,United States
5f8526476a94240d5a07ba22,2020-10-13 4:00:08,0,2020-10-13 4:05:06,,United States
60858002e978210d744bc0ed,2021-04-25 14:43:15,0,2021-04-25 14:47:02,50 - 249 employees,United States
5f3774686d9df80db5502b68,2020-08-15 5:36:40,0,2020-08-21 2:52:21,,United States
605436b32a00c60d5a70471d,2021-03-19 5:29:23,0,2021-04-14 12:45:52,,United States
6041e0104602150d460481ee,2021-03-05 7:38:56,0,2021-03-05 7:43:07,less than 10 employees,United States
5ea418a4fd1e620dd84cc277,2020-04-25 11:01:56,0,2020-04-25 11:14:38,,United States
5edbbc3f6727e20de96e9544,2020-06-06 15:54:40,0,2020-06-06 15:54:56,,United States
5ef19e0efece870dd65968d7,2020-06-23 6:15:43,0,2021-04-13 18:10:27,,
5d2f2312390e730b3012f098,2019-07-17 13:30:59,0,2019-07-17 13:31:23,,United States
5fbd6d08cdc57d0d5629794e,2020-11-24 20:28:57,0,2021-02-02 5:19:17,less than 10 employees,United States
61350bb8d22e800d739e8a4c,2021-09-05 18:26:01,0,2021-09-05 18:28:15,,United States
60542c1079500d0d79691956,2021-03-19 4:44:00,0,2021-03-19 4:44:44,,United States
61213ecdf6d66c0d6076d87e,2021-08-21 17:58:38,0,2021-08-21 18:00:00,,
5efc1419cec4020dd487bd98,2020-07-01 4:42:01,0,2020-07-01 4:42:15,,United States
608338badc52410d571511a1,2021-04-23 21:14:34,0,2021-04-23 21:47:45,less than 10 employees,United States
5ef3535e00946f0dc078af28,2020-06-24 13:21:35,0,2020-06-24 13:23:44,,
5f0a0d98d89cd10de8630a75,2020-07-11 19:06:00,0,2020-07-11 19:06:08,,United States
5ff9e133a24e9c0d58f98d3d,2021-01-09 17:00:35,0,2021-01-09 17:01:51,,Zambia
6103d5aecf82700d63532bb8,2021-07-30 10:34:22,0,2021-07-30 11:34:20,less than 10 employees,Romania
615f7daff5db750d6718c8ad,2021-10-07 23:07:27,0,2021-10-07 23:08:01,,
60ad61bcfe64320d49e1cbce,2021-05-25 20:44:45,0,2021-05-26 9:52:04,10 - 49 employees,United Kingdom
5d42c459fce15a68ba592198,2019-08-01 10:52:09,0,2019-08-01 10:56:02,,United Kingdom
611459c23ca8510d4c78afa3,2021-08-11 23:14:10,0,2021-08-11 23:14:33,,
5fad2a3d93e9510d7a7642c4,2020-11-12 12:27:42,0,2020-11-12 12:31:45,less than 10 employees,United States
5f24d7c43770d30df7493df4,2020-08-01 2:47:32,0,2020-08-01 3:38:34,,United States
5ef18ebaea71d90de03f73e1,2020-06-23 5:10:18,0,2020-06-23 5:10:31,,United States
5d543575cc8446371a33db58,2019-08-14 16:23:17,0,2020-04-23 19:04:12,,Canada
5fc804829970f20d646445be,2020-12-02 21:17:54,0,2021-02-10 21:33:53,less than 10 employees,United States
5f4b1021b1a8df0d3486cc5e,2020-08-30 2:34:09,0,2020-09-09 14:30:05,,United States
60d59c2517c4c50d6489bb09,2021-06-25 9:04:38,0,2021-06-25 9:04:40,,
5e73b9271c121e0d9b0b97f1,2020-03-19 18:25:43,0,2021-07-09 6:48:41,50 - 249 employees,United States
610339a723230f0d83986733,2021-07-29 23:28:39,0,2021-07-29 23:30:57,less than 10 employees,United States
5ed9488e5dbffd0dc860030c,2020-06-04 19:16:31,0,2020-06-04 19:17:40,,United States
5f3ff52f38f7d30debc79a60,2020-08-21 16:24:16,0,2021-09-30 22:47:29,,United States
5f0ce3d4fb52da0de14e8fab,2020-07-13 22:44:36,0,2021-09-16 16:42:56,,United States
5f0f01637538d10ddaf1800f,2020-07-15 13:15:16,0,2020-07-15 13:47:39,,United States
60a83a0a89e1450d5fb76bb8,2021-05-21 22:54:02,0,2021-05-21 22:56:15,less than 10 employees,United States
5f02f6842530ee0e0a2c6269,2020-07-06 10:01:41,0,2020-07-06 10:02:40,,India
6041a05e2dc2680d7be0e1ff,2021-03-05 3:07:11,0,2021-09-09 21:04:45,less than 10 employees,United States
5fec5b26bc6f4c0d6d52dd1f,2020-12-30 10:49:11,0,2021-07-11 13:51:20,less than 10 employees,United States
60479a1b761eef0d2dcf27db,2021-03-09 15:54:03,0,2021-03-26 13:29:24,less than 10 employees,United States
604a292e3293ce0d5e2227d5,2021-03-11 14:29:03,0,2021-07-16 2:29:44,less than 10 employees,United States
60a6a30c47d3e00d6fe35b3f,2021-05-20 17:57:33,0,2021-05-20 18:00:12,less than 10 employees,United States
5fcfd9305e04180d3a9c33e8,2020-12-08 19:51:13,0,2021-04-19 17:07:11,less than 10 employees,
607a1b40d042db0d474ffe42,2021-04-16 23:18:24,0,2021-04-16 23:18:58,,
610eda3ecf19ba0d5e59b038,2021-08-07 19:08:46,0,2021-08-07 19:12:08,10 - 49 employees,United States
6054f57551d1590d3149e66d,2021-03-19 19:03:17,0,2021-03-19 19:03:23,,
60a7a56c118dae0d6b4e5afa,2021-05-21 12:19:57,0,2021-05-21 12:23:17,10 - 49 employees,
5ebd6976c66c4a0db242934e,2020-05-14 15:53:27,0,2020-05-14 15:54:03,,
5f4d74e4de36ee0d6978c6fb,2020-08-31 22:08:36,0,2020-08-31 22:15:03,,United States
5e68e6ae77e2fb0dc6aac6f4,2020-03-11 13:25:03,0,2020-03-11 13:57:50,,Germany
5f1b3baacbb7c60db04906af,2020-07-24 19:51:06,0,2020-07-24 19:51:08,,United States
605272a469f67a0d39cb21d4,2021-03-17 21:20:37,0,2021-06-17 14:04:58,less than 10 employees,United States
616ddd5cb945700e141c43c0,2021-10-18 20:47:25,0,2021-10-18 20:47:27,,
609365dad59bc56f99706757,2021-05-06 3:43:23,0,2021-06-22 18:44:51,less than 10 employees,United States
5f6b8865b932020d315106fd,2020-09-23 17:39:50,0,2020-09-23 18:20:30,,United States
605565adf16fc30d463302f6,2021-03-20 3:02:05,0,2021-04-07 5:15:45,less than 10 employees,United States
5ed9501eb44e080daa76f57c,2020-06-04 19:48:46,0,2020-06-04 19:56:03,,United States
601b384c7e70360d57c4326a,2021-02-03 23:57:01,0,2021-02-04 1:24:01,less than 10 employees,United States
60dc82dba752290d8d0b29f9,2021-06-30 14:42:35,0,2021-06-30 14:50:43,less than 10 employees,United States
5dfdf282e57dc90dc687cff6,2019-12-21 10:22:59,0,2019-12-21 10:23:28,,United States
5efe2796a991b50ddf673fd2,2020-07-02 18:29:42,0,2020-07-06 19:29:41,,United States
60918b6ca57ebe0d5f6edcfb,2021-05-04 17:59:09,0,2021-06-28 14:18:03,less than 10 employees,United States
5f927b78bca0710d8017b414,2020-10-23 6:43:05,0,2020-10-23 6:47:37,,
60412577e930e10d4c697a71,2021-03-04 18:22:47,0,2021-03-04 18:23:47,,
5f51632aaf14e20d70db5440,2020-09-03 21:42:03,0,2020-09-10 11:16:06,,India
5c48ae6a53bfd315d53d1669,2019-01-23 18:11:54,0,2019-02-22 1:28:28,,United States
5cf85fddda49f63f70a152b0,2019-06-06 0:35:41,0,2019-06-06 0:50:30,,United States
60b8631fa42f570d3fe21ab9,2021-06-03 5:05:35,0,2021-06-06 19:15:50,less than 10 employees,United States
5eed0114c96461122d785187,2020-06-19 18:16:52,0,2020-06-19 18:17:11,,
61329798a9b3540d6493f830,2021-09-03 21:46:00,0,2021-09-03 21:47:45,,United States
6042bf2ed211ab0d5cd95777,2021-03-05 23:30:54,0,2021-03-05 23:35:34,less than 10 employees,United States
60e461933af6a90d635a9210,2021-07-06 13:58:44,0,2021-08-18 13:22:29,50 - 249 employees,Austria
607f46dc17f9ca18259048f0,2021-04-20 21:25:48,0,2021-04-21 14:45:30,50 - 249 employees,
60d6dae138c1d50d50459465,2021-06-26 7:44:33,0,2021-06-26 7:51:54,less than 10 employees,United Kingdom
5c797b93df03886f96b6d8b5,2019-03-01 18:36:04,0,2019-03-01 18:44:19,,"Tanzania, United Republic of"
60acf02cb05d7d0d796ff873,2021-05-25 12:40:13,0,2021-05-25 12:44:33,less than 10 employees,United States
5ffefc9fc81f920d73f4f2ca,2021-01-13 13:58:56,0,2021-02-24 22:34:32,10 - 49 employees,United States
5f47ce267a55360df4115e54,2020-08-27 15:15:50,0,2020-08-28 23:39:05,,United States
60269bad65dd7b0d76283e63,2021-02-12 15:15:57,0,2021-02-24 16:43:29,10 - 49 employees,United States
5f38a8d206b0010dc85827f7,2020-08-16 3:32:34,0,2020-08-16 5:52:30,,United States
60595e0f93062c0d4e8dbf2a,2021-03-23 3:18:40,0,2021-03-23 3:23:20,less than 10 employees,United States
5c5df374a894893fb2e5ff23,2019-02-08 21:24:05,0,2019-02-08 21:24:14,,United States
60aaf17ae9b7750d7ae3395c,2021-05-24 0:21:15,0,2021-05-24 0:36:00,less than 10 employees,United States
5ed69b2ab1a0510dc8c3feb7,2020-06-02 18:32:10,0,2020-06-02 18:36:57,,United States
5f7331b5ff49f90d5d0ac976,2020-09-29 13:08:05,0,2020-09-29 13:10:42,,United States
5f617ebffcb7390d54929e4f,2020-09-16 2:56:00,0,2021-04-05 2:03:05,,United States
5f1a68144ebc090d9f5dd832,2020-07-24 4:48:20,0,2020-07-24 5:57:32,,Australia
616b183006bddd0d98960f0d,2021-10-16 18:21:36,0,2021-10-16 18:25:18,less than 10 employees,United States
5e16248be576160dc2af46d1,2020-01-08 18:50:51,0,2020-01-10 18:55:06,,France
5f36de3700fbd50dcbc7aefb,2020-08-14 18:55:51,0,2021-03-09 16:47:28,,United States
5c3a045e6fa0767ddb66c313,2019-01-12 15:14:38,0,2019-01-12 15:16:33,,United States
5d2359611d70fa3c9b364e2e,2019-07-08 14:55:29,0,2020-09-09 10:36:31,,United States
5c6cc4443820ec239dc14608,2019-02-20 3:06:45,0,2019-04-23 1:14:43,,United States
5f234260ac416b0de2328464,2020-07-30 21:57:52,0,2020-07-30 22:00:21,,United States
5ea3b2e361b6c30e00ec4237,2020-04-25 3:47:47,0,2020-04-25 3:48:01,,United States
5fd2d6139193be0d67873801,2020-12-11 2:14:43,0,2021-09-16 21:52:19,less than 10 employees,United States
6040d37958b0a80d64a3b4bd,2021-03-04 12:32:58,0,2021-03-04 12:35:24,less than 10 employees,
60b2ff61a7e0070d7cadcad4,2021-05-30 2:58:41,0,2021-05-30 3:07:16,10 - 49 employees,United States
602402a64a0db50d4c53d393,2021-02-10 15:58:30,0,2021-02-10 16:04:13,less than 10 employees,United States
60e389b08aaa810d51a03d4a,2021-07-05 22:37:37,0,2021-07-05 22:38:42,,United States
615e632031d42b0d7fae156c,2021-10-07 3:01:53,0,2021-10-07 3:06:23,,United States
5d23659f307ed64dfb9ba0ac,2019-07-08 15:47:43,0,2019-07-11 16:17:18,,United States
5c8fc7de45896c2e68a6baec,2019-03-18 16:31:26,0,2019-03-18 16:31:28,,United Kingdom
611db6908b4af50d4a5fdf96,2021-08-19 1:40:32,0,2021-08-20 11:49:35,,United States
5e92281069335d0d9ac51713,2020-04-11 20:26:56,0,2020-04-11 20:28:10,,
5d89061c5168ab0dc0b30759,2019-09-23 17:51:25,0,2019-09-30 20:49:28,,United States
6047d90f4cb34f0d5e460388,2021-03-09 20:22:40,0,2021-03-09 20:23:55,,United States
6161facd5c5bad0d6f86cd4a,2021-10-09 20:25:49,0,2021-10-09 20:33:41,10 - 49 employees,United States
612aa0c4cb2ddf0d51bc2f3a,2021-08-28 20:47:00,0,2021-08-28 20:48:26,,United States
5d23322baa63021502af0bd2,2019-07-08 12:08:12,0,2019-07-08 12:08:34,,Netherlands
5cdd792d8ee9e858a74e9ee3,2019-05-16 14:52:30,0,2019-05-16 14:55:28,,United States
601b430e677e2e0d44935ea1,2021-02-04 0:42:54,0,2021-04-05 16:56:30,less than 10 employees,United States
605a3c8aef33010d76176795,2021-03-23 19:07:54,0,2021-03-23 19:53:32,less than 10 employees,United States
5fce77a5c3ea610d75fcca53,2020-12-07 18:42:45,0,2020-12-07 18:46:21,10 - 49 employees,United States
5d2dc2ac04c93e6d6f90f970,2019-07-16 12:27:25,0,2019-07-16 13:38:26,,India
5edc62910303da0df3018ff6,2020-06-07 3:44:18,0,2020-06-07 3:50:14,,United States
60064bd333d3ad0d557fb5ad,2021-01-19 3:02:44,0,2021-01-19 3:15:48,less than 10 employees,United States
5fdffef1825e4b0d5ca96f30,2020-12-21 1:48:34,0,2020-12-21 1:52:02,10 - 49 employees,
5ed738a4d69b2b0dd996e1f1,2020-06-03 5:44:04,0,2020-06-03 6:00:33,,United States
6071ad5daa9f110d33e00f9e,2021-04-10 13:51:25,0,2021-04-10 13:55:17,10 - 49 employees,United States
5db37c454e97b10db48f8e5d,2019-10-25 22:50:46,2,2021-10-07 19:38:22,,United States
5d44995ecb95eb4960b7b4ba,2019-08-02 20:13:18,0,2019-08-02 20:15:07,,United States
5eab1b697fe64d09c0587459,2020-04-30 18:39:37,0,2020-04-30 18:47:45,,United States
61388edb0c0e570d8e988218,2021-09-08 10:22:20,0,2021-09-08 10:40:52,10 - 49 employees,United States
60e5e22eec218b0d5d872c49,2021-07-07 17:19:42,0,2021-07-07 17:20:03,,
5e3721074680e60de62dba67,2020-02-02 19:20:40,0,2020-02-02 19:21:46,,United States
5e31ab26760c880dcb5a623b,2020-01-29 15:56:22,0,2020-01-29 16:00:13,,United States
603e4ef76ab57c0d36e4f5e7,2021-03-02 14:43:04,0,2021-03-03 20:46:33,less than 10 employees,United States
5fcf3101b6b8f50d51dd38d5,2020-12-08 7:53:37,0,2020-12-08 8:22:03,less than 10 employees,United States
5ed4e0c8725c540dd2945c07,2020-06-01 11:04:40,0,2020-06-01 11:05:04,,United States
5f45394643a9c1135f55dcc5,2020-08-25 16:16:07,0,2021-10-16 15:44:57,less than 10 employees,United States
5ec31d0645291a6dd9ca387d,2020-05-18 23:40:54,0,2020-05-21 16:20:42,,United States
613cfafb30d4570d981ac347,2021-09-11 18:52:44,0,2021-09-11 18:52:49,,
5c69fa37f8cd651f42cb970d,2019-02-18 0:20:08,0,2019-02-18 0:21:40,,United States
5eea670b2585a00df9c8a747,2020-06-17 18:55:08,0,2020-06-17 18:56:23,,United States
5fc9d8c3d2726b0d5e7e178d,2020-12-04 6:35:47,0,2021-10-05 20:40:58,less than 10 employees,United States
5c7a75b2df03886f96b795e3,2019-03-02 12:23:15,0,2019-03-02 12:31:00,,United States
5ffa3ec5f2ffb30d563e9448,2021-01-09 23:39:50,0,2021-01-09 23:43:59,less than 10 employees,United States
5f34163a4d2f000dd708e4c0,2020-08-12 16:18:02,0,2020-08-12 16:18:04,,United States
5d8b22077d09af0dc3da7f95,2019-09-25 8:15:03,0,2019-09-25 8:18:54,,India
5f0e5ade56b7380dc81b81c2,2020-07-15 1:24:47,0,2020-07-15 1:28:01,,
60182584a5b4630d5c0997a6,2021-02-01 16:00:04,0,2021-05-17 14:50:53,less than 10 employees,United Kingdom
6022aa7b55df3f0d6899ae24,2021-02-09 15:30:03,0,2021-02-12 20:33:44,10 - 49 employees,Pakistan
5f1b3b8966fe1f034b168f40,2020-07-24 19:50:33,0,2020-07-24 19:50:43,,United States
60981ccfdc52a80d623ae8c2,2021-05-09 17:33:03,0,2021-05-09 17:42:39,,United States
603044b39abe78136164cf99,2021-02-19 23:07:32,0,2021-02-19 23:18:08,less than 10 employees,
612edafd39a4f80d9fa27d73,2021-09-01 1:44:29,0,2021-09-01 1:49:24,less than 10 employees,United States
5eb8bccc83fe6e0dd36704d1,2020-05-11 2:47:40,0,2020-05-11 2:47:59,,United States
607aed9d3d2ddd0d728f40b6,2021-04-17 14:15:57,0,2021-08-22 3:02:14,10 - 49 employees,
5ea4a12eca408969da01f6f0,2020-04-25 20:44:30,0,2020-04-25 20:56:27,,United States
5df90ecc2001150de3f1f12c,2019-12-17 17:22:21,0,2021-06-08 23:30:44,,France
5f308374e3701e0dd10b2706,2020-08-09 23:15:01,0,2020-09-22 20:38:09,,United States
5eb4aa9cbb4db20dd951530c,2020-05-08 0:41:00,0,2020-05-08 0:41:13,,United States
5f3332dc9aba4e0d9b999af8,2020-08-12 0:07:56,0,2020-11-16 21:46:29,,United States
61429d0ab28d990d78c45725,2021-09-16 1:25:31,0,2021-09-16 1:25:37,,
608c46bce93c2d0d7830e7c7,2021-04-30 18:04:44,0,2021-04-30 18:08:04,less than 10 employees,United States
607e299c3c2f340d7258e629,2021-04-20 1:08:45,0,2021-06-01 1:53:27,less than 10 employees,United States
601f599e3833f30d497b66eb,2021-02-07 3:08:14,0,2021-02-07 3:24:36,less than 10 employees,United States
5f93178d196b980d756c97b7,2020-10-23 17:49:01,0,2020-10-23 17:49:42,,United States
60ca11048f24a10d6d665e64,2021-06-16 14:56:04,0,2021-06-16 15:06:33,,
5fcc6f613041c30d50c8e961,2020-12-06 5:42:58,0,2020-12-06 5:47:21,less than 10 employees,United States
61491ec5971f110e41fb550e,2021-09-20 23:52:37,0,2021-09-20 23:52:50,,
5ef085ee5ef6e30da07f144c,2020-06-22 10:20:31,0,2020-06-27 8:48:25,,United States
5f31a8ff20cc7d67d276cb75,2020-08-10 20:07:27,0,2020-08-10 20:09:45,,United States
5f2341fad767370de1e9c2f2,2020-07-30 21:56:10,0,2020-07-30 22:00:00,,United States
60b57920b0a5ac0d6c15d07c,2021-06-01 0:02:40,0,2021-11-04 18:17:57,10 - 49 employees,United States
6036c17c5d8ac30d4ea26230,2021-02-24 21:13:32,0,2021-02-24 21:16:31,less than 10 employees,United States
609454bcf1f0c80159ce3269,2021-05-06 20:42:36,0,2021-05-06 20:46:06,less than 10 employees,United States
5e3cc00f0e6cfe0df8110c86,2020-02-07 1:40:32,0,2021-04-01 19:19:47,,United States
5d03159ea7da45476d1518c4,2019-06-14 3:33:51,0,2019-06-14 3:40:06,,Bangladesh
6171a741bc15840d63405e23,2021-10-21 17:45:38,0,2021-10-21 18:52:14,,
5c477eaf8b091565d315e11a,2019-01-22 20:36:00,0,2019-01-23 15:53:46,,United States
61755315ed69770d7d9ce3fa,2021-10-24 12:35:34,0,2021-10-24 12:37:57,less than 10 employees,United States
5ec5b0d8ea22f10de9ffcd60,2020-05-20 22:36:09,0,2020-05-20 22:46:12,,United States
5f150a863742f80da241089e,2020-07-20 3:07:51,0,2020-07-20 3:08:14,,United States
5c892280ee98b906f0f261af,2019-03-13 15:32:17,0,2019-03-13 15:40:22,,United States
6113c77d78f3a80d788a694f,2021-08-11 12:50:06,0,2021-08-11 12:53:01,less than 10 employees,United States
60e0633ee2ace60d601b189f,2021-07-03 13:16:46,0,2021-07-03 13:16:49,,
5eb217c90a8cc20dc911f322,2020-05-06 1:50:01,0,2020-05-06 1:51:36,,United States
61534212bf17320d8f9ac505,2021-09-28 16:25:55,0,2021-09-28 19:54:47,,United States
602234d500ef560d6448e1de,2021-02-09 7:08:05,0,2021-02-09 7:11:40,less than 10 employees,United States
5ed1b573317e2b0dd12fe715,2020-05-30 1:22:59,0,2020-05-30 1:23:54,,United Kingdom
5ec703bee5793712b4628347,2020-05-21 22:42:07,0,2020-05-22 0:32:16,,United States
5ee12066857a6e0ddef991b3,2020-06-10 18:03:18,0,2020-06-10 18:04:08,,United States
5f31b9bdec5c0e0dc1409be9,2020-08-10 21:18:53,0,2020-11-06 1:18:36,less than 10 employees,United States
5d45fcb7cb95eb4960b95e24,2019-08-03 21:29:28,0,2019-08-03 21:34:56,,India
604aa51dedb2070d7b92914d,2021-03-11 23:17:49,0,2021-03-11 23:26:03,,United States
5d586f2d77575c19047eef6e,2019-08-17 21:18:38,0,2019-08-17 21:19:50,,United States
5ed62036596f8f0ddf7cb611,2020-06-02 9:47:35,0,2020-06-02 9:48:15,,United States
5fc661e97e959d0d5234fb62,2020-12-01 15:31:54,0,2020-12-15 0:15:00,less than 10 employees,United States
60a99ec330a7510d8080dea5,2021-05-23 0:16:03,0,2021-09-26 5:45:02,10 - 49 employees,
603aba51ac726d0d4b5a4f40,2021-02-27 21:32:01,0,2021-07-06 0:37:27,less than 10 employees,United States
6101c1b8d562b90d924cd219,2021-07-28 20:44:40,0,2021-07-29 19:49:10,10 - 49 employees,United States
5e41cd02f8a9630de3f9ad72,2020-02-10 21:37:07,0,2020-02-18 16:47:32,,Ireland
5f28c339c372960de67c0008,2020-08-04 2:08:58,0,2020-08-07 19:01:28,,United States
5d9e1697bc50210db3812b19,2019-10-09 17:19:20,0,2019-10-09 17:21:46,,United States
60e1ce85ee16080d6b2b0feb,2021-07-04 15:06:45,0,2021-07-04 15:13:58,10 - 49 employees,United States
609af51289efca7134a43af6,2021-05-11 21:20:19,0,2021-05-12 0:11:46,less than 10 employees,United States
60793acf2f79350d69e23fd3,2021-04-16 7:20:47,0,2021-04-16 7:23:28,less than 10 employees,United States
5f752cd29612270d52037fde,2020-10-01 1:11:47,0,2020-11-16 20:29:09,,United States
5febbc1f96fe5e0d4d087509,2020-12-29 23:30:39,0,2021-04-19 7:58:21,less than 10 employees,United States
5fa0ea0d528b800d779c59c7,2020-11-03 5:26:38,0,2020-11-03 5:27:35,,
5d28dddb261ab82d17498953,2019-07-12 19:22:04,0,2019-07-12 19:25:14,,United States
60928321ae7d7b0d61d8e9cf,2021-05-05 11:36:01,0,2021-05-05 11:38:30,10 - 49 employees,United States
5ed520e10a34c60db010d3a3,2020-06-01 15:38:09,0,2020-06-01 15:38:37,,United States
5fcadaac5fd2320d3d85cec3,2020-12-05 0:56:12,0,2020-12-05 1:00:18,less than 10 employees,United States
60a2c4580769970d4099ab3a,2021-05-17 19:30:32,0,2021-05-17 19:46:46,less than 10 employees,
5d10c78f80c0e124ab19e44e,2019-06-24 12:52:32,0,2019-07-28 11:28:24,,United States
5f26543131b2e10f767089c8,2020-08-02 5:50:42,0,2020-08-06 20:11:49,,United States
5d59f9eaa9da595c9b02d57a,2019-08-19 1:22:50,0,2021-09-09 14:56:12,,United States
60060cf83bf8090d769f9795,2021-01-18 22:34:33,0,2021-02-26 21:57:43,less than 10 employees,United States
5f11fec9a341280dd82302b6,2020-07-17 19:40:57,0,2020-07-17 19:42:15,,United States
5fd0ef038f4fa30d5e5a158c,2020-12-09 15:36:35,0,2021-08-20 19:36:43,50 - 249 employees,United States
5dede8cc8d0f120dc4364c8e,2019-12-09 6:25:17,0,2020-10-17 13:50:17,,Kenya
5f06beab84c2e20dd7b946ed,2020-07-09 6:52:28,0,2020-07-09 6:53:29,,United States
60df307e8c286f7a5a8ec1cc,2021-07-02 15:27:59,0,2021-07-02 15:55:04,,United States
5e897c4c4a89cd0ddf3148cc,2020-04-05 6:35:56,0,2020-04-05 6:39:42,,Canada
60bad718c69f0f0d38ec880e,2021-06-05 1:44:56,0,2021-06-05 1:46:12,,
5ec047d20e9d320ffbf46cdc,2020-05-16 20:06:42,0,2021-03-30 21:44:43,,United States
5f5fa29659e5c80d42e75da2,2020-09-14 17:04:22,0,2020-09-16 20:08:33,,Canada
5f6a307eb9c50c0d5b0f5b06,2020-09-22 17:12:31,0,2020-09-22 17:16:23,,United States
60e85bc872b2c70d641a4d1b,2021-07-09 14:23:05,0,2021-07-27 14:43:29,250 - 999 employees,United States
60c8eb6039bba40d6d899a1f,2021-06-15 18:03:12,0,2021-06-15 18:03:16,,
5efb92aad65e1e6787e6c985,2020-06-30 19:29:46,0,2020-06-30 19:37:13,,United States
604c36bf0fb8d00d4563dcd2,2021-03-13 3:51:28,0,2021-03-13 3:55:33,less than 10 employees,United States
6019d7e423249d0d6302d334,2021-02-02 22:53:25,0,2021-02-03 23:15:45,less than 10 employees,
60951ef7a8e10e0d4f6f4e5a,2021-05-07 11:05:27,0,2021-05-07 11:08:04,10 - 49 employees,United States
6023506fc3bc730d699b2fb9,2021-02-10 3:18:08,0,2021-02-10 3:21:51,less than 10 employees,United States
5f928cb2d4f22163a66fbfa2,2020-10-23 7:56:35,0,2021-04-29 16:34:08,less than 10 employees,United States
5ecbd007c2e10b0df01c2c28,2020-05-25 14:02:48,0,2021-10-02 21:23:26,,United States
5c63023ae593c566a8e8519a,2019-02-12 17:28:26,0,2019-02-12 17:58:57,,United States
5f1130539be1850dd5c6c3f9,2020-07-17 5:00:03,0,2020-07-17 5:05:31,,
60eebddac0f6b40d7c5f65e9,2021-07-14 10:35:07,0,2021-07-14 10:40:20,less than 10 employees,United States
60a17d9c7b24590d524d4ded,2021-05-16 20:16:28,0,2021-05-16 20:20:03,less than 10 employees,United Kingdom
613b88cb3196ff0d73e4ea27,2021-09-10 16:33:15,0,2021-09-10 16:33:21,,
60e85ce0e0d1820d74e18f1f,2021-07-09 14:27:45,0,2021-09-30 22:42:53,less than 10 employees,United States
6003c7fa942f720d6214b14c,2021-01-17 5:15:39,0,2021-01-17 5:18:53,less than 10 employees,United States
5f642d234c52670d712b644e,2020-09-18 3:44:36,0,2020-10-05 23:16:37,,United States
5feca5af8f22dc0d535d6990,2020-12-30 16:07:12,0,2021-01-25 23:12:21,less than 10 employees,United States
5c9e26e3b440635e03b46716,2019-03-29 14:08:35,0,2019-03-29 14:13:07,,India
5ed68c348376ca0def30e216,2020-06-02 17:28:21,0,2020-06-02 17:29:41,,United States
5ec8c071793ca70dec697f7d,2020-05-23 6:19:30,0,2020-05-23 6:21:01,,Canada
60238ee77327460d5563cf85,2021-02-10 7:44:39,0,2021-02-10 7:46:01,,
5cdd9df6f82868731042f527,2019-05-16 17:29:27,0,2019-07-09 20:25:44,,United States
611b847a2cca730d46e80cab,2021-08-17 9:42:18,0,2021-08-18 11:45:42,less than 10 employees,Indonesia
5c701e4d2f12f1514f333502,2019-02-22 16:07:41,0,2019-02-22 16:08:53,,India
60acffc906247a0d85d87d67,2021-05-25 13:46:49,0,2021-05-25 13:53:17,less than 10 employees,United Kingdom
5f0ade5886a33c0dd092743c,2020-07-12 9:56:41,0,2020-07-12 9:57:27,,United States
60ff292463338c0d7a3ff683,2021-07-26 21:29:09,0,2021-07-26 21:29:50,,United States
601b3ce96aaf7f0d4370c47a,2021-02-04 0:16:41,0,2021-02-04 0:17:09,,
60b4efa7279ed80d5e26519f,2021-05-31 14:16:08,0,2021-05-31 14:24:19,less than 10 employees,United States
5f0509c4706d770e02aaacb3,2020-07-07 23:48:20,0,2020-07-08 0:02:39,,United States
5fec18991350db0d4ef1e17b,2020-12-30 6:05:13,0,2021-01-25 5:48:38,50 - 249 employees,China
5ed933106b6edb71bf2fccca,2020-06-04 17:44:48,0,2020-06-04 18:01:11,,United States
5fe2ce98df09760d4d29933b,2020-12-23 4:59:04,0,2021-05-05 17:57:28,less than 10 employees,United States
612e808f5c0abd15c3efd3c5,2021-08-31 19:18:40,0,2021-08-31 19:20:38,,
6049ba9cb270e70d6d683dec,2021-03-11 6:37:16,0,2021-03-11 6:42:41,less than 10 employees,United States
60ebbf5c5963480d8024ce62,2021-07-12 4:04:45,0,2021-07-26 8:45:03,less than 10 employees,United States
60510bd36bafdf0d6bea0e40,2021-03-16 19:49:40,0,2021-03-16 20:31:05,less than 10 employees,United States
5fb68269472c3a0d463d56ed,2020-11-19 14:34:18,0,2021-03-17 18:29:49,less than 10 employees,United States
60616ec01900ab0d459ad3df,2021-03-29 6:08:00,0,2021-03-29 6:09:05,,India
5fb277bdfd6efc0d275047df,2020-11-16 12:59:41,0,2020-11-16 12:59:59,,
5f3af7060c26ad0dfa8f79b6,2020-08-17 21:30:47,0,2020-08-17 22:08:49,,United States
60ace64f3079780d56295ae1,2021-05-25 11:58:08,0,2021-05-25 12:04:21,less than 10 employees,United States
60a7fa726988490d4b981ee1,2021-05-21 18:22:43,0,2021-10-02 23:56:01,10 - 49 employees,United States
60f47e515474950d8a983ee6,2021-07-18 19:17:37,0,2021-07-18 19:20:17,less than 10 employees,United States
5f256a513858b90e0392ab8e,2020-08-01 13:12:50,0,2021-03-02 22:03:53,,
5eec345c6d6fbc0dcf18fa8f,2020-06-19 3:43:25,0,2020-06-22 16:05:59,,United States
5f243e6b9e0caf0dcf8eae7f,2020-07-31 15:53:15,0,2021-06-11 19:12:47,,United States
5fc85754a9104b0d40eb1595,2020-12-03 3:11:17,0,2021-01-15 2:18:41,less than 10 employees,United States
5f549b22c1a4df0d4c2567df,2020-09-06 8:17:38,0,2020-09-06 8:32:45,,Uganda
608db142d258230d63d3400b,2021-05-01 19:51:31,0,2021-05-09 7:30:13,less than 10 employees,United Kingdom
6035e01fffa8010d633fc4cf,2021-02-24 5:11:59,0,2021-02-24 5:25:07,,United States
608e156e0268dd0d52d61430,2021-05-02 2:58:54,0,2021-05-02 19:31:20,less than 10 employees,United States
5eb7eae0c5a5ef0dc3804287,2020-05-10 11:52:00,0,2020-09-08 14:50:25,,United States
609b17435ea9ac0d5c75cdab,2021-05-11 23:46:12,0,2021-05-12 0:00:23,less than 10 employees,United States
60739aaba674160d62c1eea6,2021-04-12 0:56:11,0,2021-04-12 0:57:47,less than 10 employees,United States
5ecce2cfa317040dc88dfe56,2020-05-26 9:35:12,0,2020-06-29 5:08:25,,United States
5e22260b5b066e0dca2c13a2,2020-01-17 21:24:27,0,2020-01-18 0:25:44,,United States
60d53a23e4273c0d7ddc2193,2021-06-25 2:06:27,0,2021-06-25 2:08:50,10 - 49 employees,United States
5e495094c4597c0dc75b17df,2020-02-16 14:24:21,0,2021-05-15 9:09:10,,United Kingdom
5f08bdd00f3c9b0dbba1df00,2020-07-10 19:13:21,0,2020-07-10 19:16:54,,
604c21bb01e5570d4ec876b2,2021-03-13 2:21:47,0,2021-03-13 2:23:03,,United States
5efee8d6493a8c0dcc53f8cb,2020-07-03 8:14:14,0,2020-07-03 8:15:05,,
60db71f11a97aa0d61e0fe0b,2021-06-29 19:18:10,0,2021-06-29 19:32:34,less than 10 employees,United States
5eb9cb888729f10dccc4cc75,2020-05-11 22:02:49,0,2020-06-03 15:20:04,,
611d17bbaf87150d99a8dc3b,2021-08-18 14:22:51,0,2021-10-19 20:09:39,10 - 49 employees,United States
60ddc9d7e77f0e0d8e794838,2021-07-01 13:57:44,0,2021-08-03 18:30:44,less than 10 employees,United States
608c1aee4e39980d6027de71,2021-04-30 14:57:50,0,2021-04-30 14:58:06,,
5d23c8612e6cf20c9956b5ac,2019-07-08 22:49:05,0,2019-07-08 23:04:59,,United States
607fcba90fb0bc0d4ee2b44b,2021-04-21 6:52:25,0,2021-04-21 6:52:53,,
5c73e621d3b77f048b4e39c7,2019-02-25 12:57:06,0,2019-04-10 13:26:48,,United Kingdom
5ef659a0b4f4680ddb780ad1,2020-06-26 20:25:05,0,2020-06-26 20:33:19,,United States
5e84f8351223400dd883675f,2020-04-01 20:23:17,0,2020-04-01 20:38:36,,United States
5e28715f71ba3b0de51777b1,2020-01-22 15:59:27,0,2021-06-14 16:08:05,,United States
604f84a83f77a40d636042f7,2021-03-15 16:00:40,0,2021-03-15 16:02:19,,
5e5cd6ff2ea9a20ddae27d69,2020-03-02 9:50:56,0,2020-03-02 9:52:34,,United States
60799ca157beda0d72bdb2fa,2021-04-16 14:18:10,0,2021-04-18 3:37:38,1000+ employees,United States
60cd2bd2ae5b2b700e2adeab,2021-06-18 23:27:15,0,2021-09-07 19:01:45,50 - 249 employees,United States
613ece7942be920d4f4c3a91,2021-09-13 4:07:22,0,2021-09-13 4:10:55,,United States
60f6223c4bdadb0d8553eb88,2021-07-20 1:09:17,0,2021-07-20 1:12:37,less than 10 employees,Australia
5ed7b141f4699b0dd2354104,2020-06-03 14:18:41,0,2020-06-03 14:19:23,,United States
6056e30690aada0d42d3f3c4,2021-03-21 6:09:11,0,2021-04-19 23:06:05,less than 10 employees,United States
60800546e30e460d3cb31da9,2021-04-21 10:58:15,0,2021-06-07 23:49:51,10 - 49 employees,United States
5f03d4ea7864370dc29255ca,2020-07-07 1:50:35,0,2020-07-07 1:51:21,,United States
5f7f12fdf1f7540d7ad9345d,2020-10-08 13:24:13,0,2020-10-08 13:33:27,,United States
5ef300e88b10520dcaf8206e,2020-06-24 7:29:44,0,2020-07-08 18:55:08,,India
612566694b7e370d690293f3,2021-08-24 21:36:42,0,2021-09-17 13:34:18,10 - 49 employees,United States
602ec0a0a822090d51daf194,2021-02-18 19:31:45,0,2021-02-18 20:29:26,1000+ employees,United States
5f04dd48e077190dcb906da4,2020-07-07 20:38:32,0,2021-03-02 17:19:41,,United States
603f3249c1d01f0d40b0d862,2021-03-03 6:52:58,0,2021-03-03 13:53:26,10 - 49 employees,India
60b115ab2b628c0d65b99ad1,2021-05-28 16:09:16,0,2021-05-28 16:17:49,less than 10 employees,United States
5f0dd3a00832360de4e0a223,2020-07-14 15:47:44,0,2020-07-14 16:59:03,,United States
5ee1f54e6bb9830db7831e49,2020-06-11 9:11:43,0,2020-06-11 9:19:27,,United States
61245911ad1d540d5e02c321,2021-08-24 2:27:30,0,2021-08-24 2:27:53,,
5f9b5bb749a1a30d582816b5,2020-10-30 0:18:00,0,2020-10-30 0:21:51,,United States
6089f5401cd5110d51abcd18,2021-04-28 23:52:32,0,2021-04-28 23:54:04,1000+ employees,United States
6112cf886fabef0d51d9688f,2021-08-10 19:12:08,0,2021-11-04 0:12:29,50 - 249 employees,United States
5e8607fbbc57590df5d026ed,2020-04-02 15:42:51,0,2020-04-02 18:36:05,,United States
5ff78b175e97310d60bb9d55,2021-01-07 22:28:39,0,2021-11-03 17:38:38,less than 10 employees,United States
5f977c30ebe9d60d65eec8de,2020-10-27 1:47:28,0,2020-10-27 1:58:53,less than 10 employees,United States
607dd54dab5dce0d41a0fbee,2021-04-19 19:09:02,0,2021-04-19 19:10:54,less than 10 employees,United States
5e25da39192b190de0c5b798,2020-01-20 16:50:02,0,2020-03-28 18:02:56,,United States
5ecf9c793cdae30df2766052,2020-05-28 11:11:53,0,2020-05-28 11:21:42,,United States
5f9612015a5b950d8558dca6,2020-10-26 0:02:09,0,2020-10-26 0:17:15,less than 10 employees,United States
5c829062e2fbef4c4971f52e,2019-03-08 15:55:14,0,2019-03-08 18:55:57,,United States
5ed52ca4a592f10dd12c0d50,2020-06-01 16:28:21,0,2020-12-30 6:48:39,,United States
5d265ad13388016f8e73dad7,2019-07-10 21:38:26,0,2019-07-18 15:08:34,,United States
604d157606b14e0d7b2cdca0,2021-03-13 19:41:43,0,2021-03-13 19:41:50,,
5eb4ccdeb48de10dd28380d0,2020-05-08 3:07:11,0,2020-05-08 3:07:23,,United States
60265c888510110d727b487f,2021-02-12 10:46:33,0,2021-02-12 22:07:29,less than 10 employees,United States